distrito,fecha,precio_m2
Arganzuela,2007-11-01,4000.0
Arganzuela,2007-12-01,4000.0
Arganzuela,2008-01-01,4000.0
Arganzuela,2008-02-01,3824.0
Arganzuela,2008-03-01,4000.0
Arganzuela,2008-04-01,3910.0
Arganzuela,2008-05-01,4000.0
Arganzuela,2008-06-01,3789.0
Arganzuela,2008-07-01,3772.0
Arganzuela,2008-08-01,3714.0
Arganzuela,2008-09-01,3738.0
Arganzuela,2008-10-01,3696.0
Arganzuela,2008-11-01,3714.0
Arganzuela,2008-12-01,3667.0
Arganzuela,2009-01-01,3782.0
Arganzuela,2009-02-01,3722.0
Arganzuela,2009-03-01,3722.0
Arganzuela,2009-04-01,3722.0
Arganzuela,2009-05-01,3696.0
Arganzuela,2009-06-01,3643.0
Arganzuela,2009-07-01,3571.0
Arganzuela,2009-08-01,3589.0
Arganzuela,2009-09-01,3589.0
Arganzuela,2009-10-01,3564.0
Arganzuela,2009-11-01,3556.0
Arganzuela,2009-12-01,3494.0
Arganzuela,2010-01-01,3494.0
Arganzuela,2010-02-01,3513.0
Arganzuela,2010-03-01,3500.0
Arganzuela,2010-04-01,3518.0
Arganzuela,2010-05-01,3540.0
Arganzuela,2010-06-01,3556.0
Arganzuela,2010-07-01,3545.0
Arganzuela,2010-08-01,3538.0
Arganzuela,2010-09-01,3545.0
Arganzuela,2010-10-01,3564.0
Arganzuela,2010-11-01,3576.0
Arganzuela,2010-12-01,3561.0
Arganzuela,2011-01-01,3543.0
Arganzuela,2011-02-01,3523.0
Arganzuela,2011-03-01,3475.0
Arganzuela,2011-04-01,3460.0
Arganzuela,2011-05-01,3440.0
Arganzuela,2011-06-01,3426.0
Arganzuela,2011-07-01,3387.0
Arganzuela,2011-08-01,3332.0
Arganzuela,2011-09-01,3332.0
Arganzuela,2011-10-01,3332.0
Arganzuela,2011-11-01,3307.0
Arganzuela,2011-12-01,3301.0
Arganzuela,2012-01-01,3265.0
Arganzuela,2012-02-01,3231.0
Arganzuela,2012-03-01,3242.0
Arganzuela,2012-04-01,3164.0
Arganzuela,2012-05-01,3144.0
Arganzuela,2012-06-01,3095.0
Arganzuela,2012-07-01,3060.0
Arganzuela,2012-08-01,3010.0
Arganzuela,2012-09-01,3014.0
Arganzuela,2012-10-01,3007.0
Arganzuela,2012-11-01,2956.0
Arganzuela,2012-12-01,2911.0
Arganzuela,2013-01-01,2910.0
Arganzuela,2013-02-01,2881.0
Arganzuela,2013-03-01,2846.0
Arganzuela,2013-04-01,2821.0
Arganzuela,2013-05-01,2818.0
Arganzuela,2013-06-01,2781.0
Arganzuela,2013-07-01,2778.0
Arganzuela,2013-08-01,2750.0
Arganzuela,2013-09-01,2762.0
Arganzuela,2013-10-01,2750.0
Arganzuela,2013-11-01,2714.0
Arganzuela,2013-12-01,2692.0
Arganzuela,2014-01-01,2680.0
Arganzuela,2014-02-01,2717.0
Arganzuela,2014-03-01,2730.0
Arganzuela,2014-04-01,2714.0
Arganzuela,2014-05-01,2697.0
Arganzuela,2014-06-01,2709.0
Arganzuela,2014-07-01,2703.0
Arganzuela,2014-08-01,2688.0
Arganzuela,2014-09-01,2671.0
Arganzuela,2014-10-01,2667.0
Arganzuela,2014-11-01,2658.0
Arganzuela,2014-12-01,2669.0
Arganzuela,2015-01-01,2667.0
Arganzuela,2015-02-01,2672.0
Arganzuela,2015-03-01,2705.0
Arganzuela,2015-04-01,2708.0
Arganzuela,2015-05-01,2708.0
Arganzuela,2015-06-01,2739.0
Arganzuela,2015-07-01,2742.0
Arganzuela,2015-08-01,2757.0
Arganzuela,2015-09-01,2773.0
Arganzuela,2015-10-01,2776.0
Arganzuela,2015-11-01,2748.0
Arganzuela,2015-12-01,2761.0
Arganzuela,2016-01-01,2732.0
Arganzuela,2016-02-01,2736.0
Arganzuela,2016-03-01,2736.0
Arganzuela,2016-04-01,2783.0
Arganzuela,2016-05-01,2800.0
Arganzuela,2016-06-01,2849.0
Arganzuela,2016-07-01,2897.0
Arganzuela,2016-08-01,2910.0
Arganzuela,2016-09-01,2909.0
Arganzuela,2016-10-01,2899.0
Arganzuela,2016-11-01,2922.0
Arganzuela,2016-12-01,2940.0
Arganzuela,2017-01-01,2943.0
Arganzuela,2017-02-01,2999.0
Arganzuela,2017-03-01,3031.0
Arganzuela,2017-04-01,3101.0
Arganzuela,2017-05-01,3173.0
Arganzuela,2017-06-01,3208.0
Arganzuela,2017-07-01,3276.0
Arganzuela,2017-08-01,3300.0
Arganzuela,2017-09-01,3313.0
Arganzuela,2017-10-01,3324.0
Arganzuela,2017-11-01,3363.0
Arganzuela,2017-12-01,3427.0
Arganzuela,2018-01-01,3521.0
Arganzuela,2018-02-01,3622.0
Arganzuela,2018-03-01,3662.0
Arganzuela,2018-04-01,3705.0
Arganzuela,2018-05-01,3756.0
Arganzuela,2018-06-01,3887.0
Arganzuela,2018-07-01,3985.0
Arganzuela,2018-08-01,3969.0
Arganzuela,2018-09-01,3957.0
Arganzuela,2018-10-01,3996.0
Arganzuela,2018-11-01,3999.0
Arganzuela,2018-12-01,4029.0
Arganzuela,2019-01-01,4000.0
Arganzuela,2019-02-01,4024.0
Arganzuela,2019-03-01,4049.0
Arganzuela,2019-04-01,4090.0
Arganzuela,2019-05-01,4092.0
Arganzuela,2019-06-01,4091.0
Arganzuela,2019-07-01,4098.0
Arganzuela,2019-08-01,4063.0
Arganzuela,2019-09-01,4063.0
Arganzuela,2019-10-01,4075.0
Arganzuela,2019-11-01,4073.0
Arganzuela,2019-12-01,4036.0
Arganzuela,2020-01-01,4001.0
Arganzuela,2020-02-01,3990.0
Arganzuela,2020-03-01,4021.0
Arganzuela,2020-04-01,4011.0
Arganzuela,2020-05-01,4010.0
Arganzuela,2020-06-01,4015.0
Arganzuela,2020-07-01,3981.0
Arganzuela,2020-08-01,3979.0
Arganzuela,2020-09-01,3977.0
Arganzuela,2020-10-01,3961.0
Arganzuela,2020-11-01,3948.0
Arganzuela,2020-12-01,3949.0
Arganzuela,2021-01-01,3979.0
Arganzuela,2021-02-01,3977.0
Arganzuela,2021-03-01,3978.0
Arganzuela,2021-04-01,3962.0
Arganzuela,2021-05-01,4025.0
Arganzuela,2021-06-01,4070.0
Arganzuela,2021-07-01,4045.0
Arganzuela,2021-08-01,4009.0
Arganzuela,2021-09-01,4092.0
Arganzuela,2021-10-01,4119.0
Arganzuela,2021-11-01,4081.0
Arganzuela,2021-12-01,4083.0
Arganzuela,2022-01-01,4077.0
Arganzuela,2022-02-01,4144.0
Arganzuela,2022-03-01,4136.0
Arganzuela,2022-04-01,4192.0
Arganzuela,2022-05-01,4195.0
Arganzuela,2022-06-01,4272.0
Arganzuela,2022-07-01,4311.0
Arganzuela,2022-08-01,4303.0
Arganzuela,2022-09-01,4265.0
Arganzuela,2022-10-01,4308.0
Arganzuela,2022-11-01,4331.0
Arganzuela,2022-12-01,4331.0
Arganzuela,2023-01-01,4333.0
Arganzuela,2023-02-01,4354.0
Arganzuela,2023-03-01,4358.0
Arganzuela,2023-04-01,4376.0
Arganzuela,2023-05-01,4396.0
Arganzuela,2023-06-01,4392.0
Arganzuela,2023-07-01,4450.0
Arganzuela,2023-08-01,4488.0
Arganzuela,2023-09-01,4485.0
Arganzuela,2023-10-01,4510.0
Arganzuela,2023-11-01,4501.0
Arganzuela,2023-12-01,4524.0
Arganzuela,2024-01-01,4541.0
Arganzuela,2024-02-01,4570.0
Arganzuela,2024-03-01,4595.0
Arganzuela,2024-04-01,4630.0
Arganzuela,2024-05-01,4755.0
Arganzuela,2024-06-01,4850.0
Arganzuela,2024-07-01,4957.0
Arganzuela,2024-08-01,4998.0
Arganzuela,2024-09-01,4999.0
Arganzuela,2024-10-01,5079.0
Arganzuela,2024-11-01,5062.0
Arganzuela,2024-12-01,5154.0
Arganzuela,2025-01-01,5247.0
Arganzuela,2025-02-01,5310.0
Arganzuela,2025-03-01,5341.0
Arganzuela,2025-04-01,5472.0
Arganzuela,2025-05-01,5669.0
Arganzuela,2025-06-01,5729.0
Arganzuela,2025-07-01,5750.0
Arganzuela,2025-08-01,5867.0
Arganzuela,2025-09-01,5950.0
Arganzuela,2025-10-01,5982.0
Arganzuela,2025-11-01,6143.0
Arganzuela,2025-12-01,6198.0
Arganzuela,2026-01-01,6203.0
Arganzuela,2026-02-01,6224.0
Arganzuela,2026-03-01,6270.0
Arganzuela,2026-04-01,6334.0
Arganzuela,2026-05-01,6422.0
Arganzuela,2026-06-01,6389.0
Barajas,2008-05-01,3240.0
Barajas,2008-06-01,3210.0
Barajas,2008-07-01,3481.0
Barajas,2008-08-01,3579.0
Barajas,2008-09-01,3482.0
Barajas,2008-10-01,3518.0
Barajas,2008-11-01,3506.0
Barajas,2008-12-01,3528.0
Barajas,2009-01-01,3384.0
Barajas,2009-02-01,3384.0
Barajas,2009-03-01,3686.0
Barajas,2009-04-01,3458.0
Barajas,2009-05-01,3392.0
Barajas,2009-06-01,3281.0
Barajas,2009-07-01,3275.0
Barajas,2009-08-01,3248.0
Barajas,2009-09-01,3213.0
Barajas,2009-10-01,3269.0
Barajas,2009-11-01,3281.0
Barajas,2009-12-01,3296.0
Barajas,2010-01-01,3201.0
Barajas,2010-02-01,3202.0
Barajas,2010-03-01,3270.0
Barajas,2010-04-01,3363.0
Barajas,2010-05-01,3323.0
Barajas,2010-06-01,3263.0
Barajas,2010-07-01,3264.0
Barajas,2010-08-01,3183.0
Barajas,2010-09-01,3142.0
Barajas,2010-10-01,3228.0
Barajas,2010-11-01,3255.0
Barajas,2010-12-01,3220.0
Barajas,2011-01-01,3163.0
Barajas,2011-02-01,3192.0
Barajas,2011-03-01,3171.0
Barajas,2011-04-01,3264.0
Barajas,2011-05-01,3246.0
Barajas,2011-06-01,3248.0
Barajas,2011-07-01,3181.0
Barajas,2011-08-01,3128.0
Barajas,2011-09-01,3114.0
Barajas,2011-10-01,3121.0
Barajas,2011-11-01,3104.0
Barajas,2011-12-01,3036.0
Barajas,2012-01-01,3033.0
Barajas,2012-02-01,3028.0
Barajas,2012-03-01,3058.0
Barajas,2012-04-01,3051.0
Barajas,2012-05-01,3004.0
Barajas,2012-06-01,2959.0
Barajas,2012-07-01,2942.0
Barajas,2012-08-01,2922.0
Barajas,2012-09-01,2957.0
Barajas,2012-10-01,2940.0
Barajas,2012-11-01,2860.0
Barajas,2012-12-01,2836.0
Barajas,2013-01-01,2830.0
Barajas,2013-02-01,2811.0
Barajas,2013-03-01,2769.0
Barajas,2013-04-01,2786.0
Barajas,2013-05-01,2758.0
Barajas,2013-06-01,2687.0
Barajas,2013-07-01,2674.0
Barajas,2013-08-01,2626.0
Barajas,2013-09-01,2649.0
Barajas,2013-10-01,2642.0
Barajas,2013-11-01,2618.0
Barajas,2013-12-01,2638.0
Barajas,2014-01-01,2641.0
Barajas,2014-02-01,2644.0
Barajas,2014-03-01,2636.0
Barajas,2014-04-01,2567.0
Barajas,2014-05-01,2558.0
Barajas,2014-06-01,2577.0
Barajas,2014-07-01,2589.0
Barajas,2014-08-01,2573.0
Barajas,2014-09-01,2611.0
Barajas,2014-10-01,2629.0
Barajas,2014-11-01,2607.0
Barajas,2014-12-01,2560.0
Barajas,2015-01-01,2637.0
Barajas,2015-02-01,2628.0
Barajas,2015-03-01,2572.0
Barajas,2015-04-01,2586.0
Barajas,2015-05-01,2582.0
Barajas,2015-06-01,2605.0
Barajas,2015-07-01,2594.0
Barajas,2015-08-01,2583.0
Barajas,2015-09-01,2565.0
Barajas,2015-10-01,2546.0
Barajas,2015-11-01,2572.0
Barajas,2015-12-01,2558.0
Barajas,2016-01-01,2570.0
Barajas,2016-02-01,2556.0
Barajas,2016-03-01,2550.0
Barajas,2016-04-01,2557.0
Barajas,2016-05-01,2593.0
Barajas,2016-06-01,2591.0
Barajas,2016-07-01,2586.0
Barajas,2016-08-01,2576.0
Barajas,2016-09-01,2596.0
Barajas,2016-10-01,2596.0
Barajas,2016-11-01,2595.0
Barajas,2016-12-01,2623.0
Barajas,2017-01-01,2667.0
Barajas,2017-02-01,2671.0
Barajas,2017-03-01,2653.0
Barajas,2017-04-01,2647.0
Barajas,2017-05-01,2644.0
Barajas,2017-06-01,2642.0
Barajas,2017-07-01,2635.0
Barajas,2017-08-01,2622.0
Barajas,2017-09-01,2670.0
Barajas,2017-10-01,2825.0
Barajas,2017-11-01,2805.0
Barajas,2017-12-01,2783.0
Barajas,2018-01-01,2790.0
Barajas,2018-02-01,2849.0
Barajas,2018-03-01,2828.0
Barajas,2018-04-01,2840.0
Barajas,2018-05-01,2887.0
Barajas,2018-06-01,2903.0
Barajas,2018-07-01,2935.0
Barajas,2018-08-01,2982.0
Barajas,2018-09-01,3092.0
Barajas,2018-10-01,3086.0
Barajas,2018-11-01,3136.0
Barajas,2018-12-01,3151.0
Barajas,2019-01-01,3118.0
Barajas,2019-02-01,3138.0
Barajas,2019-03-01,3163.0
Barajas,2019-04-01,3173.0
Barajas,2019-05-01,3169.0
Barajas,2019-06-01,3121.0
Barajas,2019-07-01,3119.0
Barajas,2019-08-01,3114.0
Barajas,2019-09-01,3085.0
Barajas,2019-10-01,3123.0
Barajas,2019-11-01,3194.0
Barajas,2019-12-01,3248.0
Barajas,2020-01-01,3183.0
Barajas,2020-02-01,3193.0
Barajas,2020-03-01,3177.0
Barajas,2020-04-01,3186.0
Barajas,2020-05-01,3146.0
Barajas,2020-06-01,3169.0
Barajas,2020-07-01,3158.0
Barajas,2020-08-01,3176.0
Barajas,2020-09-01,3158.0
Barajas,2020-10-01,3146.0
Barajas,2020-11-01,3177.0
Barajas,2020-12-01,3159.0
Barajas,2021-01-01,3173.0
Barajas,2021-02-01,3229.0
Barajas,2021-03-01,3239.0
Barajas,2021-04-01,3194.0
Barajas,2021-05-01,3163.0
Barajas,2021-06-01,3173.0
Barajas,2021-07-01,3207.0
Barajas,2021-08-01,3313.0
Barajas,2021-09-01,3327.0
Barajas,2021-10-01,3366.0
Barajas,2021-11-01,3375.0
Barajas,2021-12-01,3356.0
Barajas,2022-01-01,3343.0
Barajas,2022-02-01,3355.0
Barajas,2022-03-01,3331.0
Barajas,2022-04-01,3270.0
Barajas,2022-05-01,3244.0
Barajas,2022-06-01,3264.0
Barajas,2022-07-01,3274.0
Barajas,2022-08-01,3325.0
Barajas,2022-09-01,3285.0
Barajas,2022-10-01,3391.0
Barajas,2022-11-01,3447.0
Barajas,2022-12-01,3394.0
Barajas,2023-01-01,3391.0
Barajas,2023-02-01,3407.0
Barajas,2023-03-01,3399.0
Barajas,2023-04-01,3351.0
Barajas,2023-05-01,3411.0
Barajas,2023-06-01,3507.0
Barajas,2023-07-01,3504.0
Barajas,2023-08-01,3472.0
Barajas,2023-09-01,3439.0
Barajas,2023-10-01,3497.0
Barajas,2023-11-01,3451.0
Barajas,2023-12-01,3406.0
Barajas,2024-01-01,3452.0
Barajas,2024-02-01,3513.0
Barajas,2024-03-01,3549.0
Barajas,2024-04-01,3608.0
Barajas,2024-05-01,3673.0
Barajas,2024-06-01,3686.0
Barajas,2024-07-01,3727.0
Barajas,2024-08-01,3684.0
Barajas,2024-09-01,3758.0
Barajas,2024-10-01,3899.0
Barajas,2024-11-01,3901.0
Barajas,2024-12-01,3845.0
Barajas,2025-01-01,3817.0
Barajas,2025-02-01,4123.0
Barajas,2025-03-01,4070.0
Barajas,2025-04-01,4080.0
Barajas,2025-05-01,4373.0
Barajas,2025-06-01,4415.0
Barajas,2025-07-01,4396.0
Barajas,2025-08-01,4319.0
Barajas,2025-09-01,4441.0
Barajas,2025-10-01,4646.0
Barajas,2025-11-01,4611.0
Barajas,2025-12-01,4636.0
Barajas,2026-01-01,4714.0
Barajas,2026-02-01,4900.0
Barajas,2026-03-01,4973.0
Barajas,2026-04-01,4901.0
Barajas,2026-05-01,5127.0
Barajas,2026-06-01,5111.0
Carabanchel,2007-05-01,3121.0
Carabanchel,2007-06-01,3173.0
Carabanchel,2007-07-01,3167.0
Carabanchel,2007-08-01,2894.0
Carabanchel,2007-09-01,2843.0
Carabanchel,2007-10-01,2901.0
Carabanchel,2007-11-01,3028.0
Carabanchel,2007-12-01,2992.0
Carabanchel,2008-01-01,2908.0
Carabanchel,2008-02-01,2948.0
Carabanchel,2008-03-01,2927.0
Carabanchel,2008-04-01,2962.0
Carabanchel,2008-05-01,2894.0
Carabanchel,2008-06-01,2919.0
Carabanchel,2008-07-01,2831.0
Carabanchel,2008-08-01,2801.0
Carabanchel,2008-09-01,2829.0
Carabanchel,2008-10-01,2824.0
Carabanchel,2008-11-01,2908.0
Carabanchel,2008-12-01,2826.0
Carabanchel,2009-01-01,2826.0
Carabanchel,2009-02-01,2813.0
Carabanchel,2009-03-01,2820.0
Carabanchel,2009-04-01,2777.0
Carabanchel,2009-05-01,2750.0
Carabanchel,2009-06-01,2725.0
Carabanchel,2009-07-01,2676.0
Carabanchel,2009-08-01,2666.0
Carabanchel,2009-09-01,2707.0
Carabanchel,2009-10-01,2737.0
Carabanchel,2009-11-01,2729.0
Carabanchel,2009-12-01,2693.0
Carabanchel,2010-01-01,2620.0
Carabanchel,2010-02-01,2623.0
Carabanchel,2010-03-01,2660.0
Carabanchel,2010-04-01,2729.0
Carabanchel,2010-05-01,2702.0
Carabanchel,2010-06-01,2670.0
Carabanchel,2010-07-01,2610.0
Carabanchel,2010-08-01,2562.0
Carabanchel,2010-09-01,2583.0
Carabanchel,2010-10-01,2589.0
Carabanchel,2010-11-01,2569.0
Carabanchel,2010-12-01,2532.0
Carabanchel,2011-01-01,2530.0
Carabanchel,2011-02-01,2494.0
Carabanchel,2011-03-01,2488.0
Carabanchel,2011-04-01,2434.0
Carabanchel,2011-05-01,2409.0
Carabanchel,2011-06-01,2381.0
Carabanchel,2011-07-01,2334.0
Carabanchel,2011-08-01,2280.0
Carabanchel,2011-09-01,2284.0
Carabanchel,2011-10-01,2294.0
Carabanchel,2011-11-01,2259.0
Carabanchel,2011-12-01,2232.0
Carabanchel,2012-01-01,2215.0
Carabanchel,2012-02-01,2209.0
Carabanchel,2012-03-01,2174.0
Carabanchel,2012-04-01,2144.0
Carabanchel,2012-05-01,2123.0
Carabanchel,2012-06-01,2092.0
Carabanchel,2012-07-01,2063.0
Carabanchel,2012-08-01,2036.0
Carabanchel,2012-09-01,2000.0
Carabanchel,2012-10-01,1953.0
Carabanchel,2012-11-01,1902.0
Carabanchel,2012-12-01,1873.0
Carabanchel,2013-01-01,1850.0
Carabanchel,2013-02-01,1853.0
Carabanchel,2013-03-01,1851.0
Carabanchel,2013-04-01,1868.0
Carabanchel,2013-05-01,1856.0
Carabanchel,2013-06-01,1844.0
Carabanchel,2013-07-01,1837.0
Carabanchel,2013-08-01,1809.0
Carabanchel,2013-09-01,1801.0
Carabanchel,2013-10-01,1768.0
Carabanchel,2013-11-01,1759.0
Carabanchel,2013-12-01,1736.0
Carabanchel,2014-01-01,1777.0
Carabanchel,2014-02-01,1763.0
Carabanchel,2014-03-01,1725.0
Carabanchel,2014-04-01,1674.0
Carabanchel,2014-05-01,1660.0
Carabanchel,2014-06-01,1651.0
Carabanchel,2014-07-01,1630.0
Carabanchel,2014-08-01,1606.0
Carabanchel,2014-09-01,1605.0
Carabanchel,2014-10-01,1631.0
Carabanchel,2014-11-01,1624.0
Carabanchel,2014-12-01,1631.0
Carabanchel,2015-01-01,1619.0
Carabanchel,2015-02-01,1633.0
Carabanchel,2015-03-01,1603.0
Carabanchel,2015-04-01,1627.0
Carabanchel,2015-05-01,1631.0
Carabanchel,2015-06-01,1654.0
Carabanchel,2015-07-01,1647.0
Carabanchel,2015-08-01,1631.0
Carabanchel,2015-09-01,1628.0
Carabanchel,2015-10-01,1649.0
Carabanchel,2015-11-01,1645.0
Carabanchel,2015-12-01,1645.0
Carabanchel,2016-01-01,1626.0
Carabanchel,2016-02-01,1614.0
Carabanchel,2016-03-01,1626.0
Carabanchel,2016-04-01,1626.0
Carabanchel,2016-05-01,1611.0
Carabanchel,2016-06-01,1629.0
Carabanchel,2016-07-01,1601.0
Carabanchel,2016-08-01,1615.0
Carabanchel,2016-09-01,1642.0
Carabanchel,2016-10-01,1666.0
Carabanchel,2016-11-01,1683.0
Carabanchel,2016-12-01,1703.0
Carabanchel,2017-01-01,1688.0
Carabanchel,2017-02-01,1684.0
Carabanchel,2017-03-01,1703.0
Carabanchel,2017-04-01,1710.0
Carabanchel,2017-05-01,1746.0
Carabanchel,2017-06-01,1774.0
Carabanchel,2017-07-01,1790.0
Carabanchel,2017-08-01,1766.0
Carabanchel,2017-09-01,1805.0
Carabanchel,2017-10-01,1864.0
Carabanchel,2017-11-01,1864.0
Carabanchel,2017-12-01,1853.0
Carabanchel,2018-01-01,1874.0
Carabanchel,2018-02-01,1901.0
Carabanchel,2018-03-01,1926.0
Carabanchel,2018-04-01,1963.0
Carabanchel,2018-05-01,2021.0
Carabanchel,2018-06-01,2061.0
Carabanchel,2018-07-01,2080.0
Carabanchel,2018-08-01,2090.0
Carabanchel,2018-09-01,2106.0
Carabanchel,2018-10-01,2133.0
Carabanchel,2018-11-01,2133.0
Carabanchel,2018-12-01,2126.0
Carabanchel,2019-01-01,2150.0
Carabanchel,2019-02-01,2153.0
Carabanchel,2019-03-01,2159.0
Carabanchel,2019-04-01,2175.0
Carabanchel,2019-05-01,2179.0
Carabanchel,2019-06-01,2172.0
Carabanchel,2019-07-01,2153.0
Carabanchel,2019-08-01,2171.0
Carabanchel,2019-09-01,2204.0
Carabanchel,2019-10-01,2206.0
Carabanchel,2019-11-01,2210.0
Carabanchel,2019-12-01,2209.0
Carabanchel,2020-01-01,2200.0
Carabanchel,2020-02-01,2209.0
Carabanchel,2020-03-01,2211.0
Carabanchel,2020-04-01,2184.0
Carabanchel,2020-05-01,2167.0
Carabanchel,2020-06-01,2156.0
Carabanchel,2020-07-01,2176.0
Carabanchel,2020-08-01,2194.0
Carabanchel,2020-09-01,2178.0
Carabanchel,2020-10-01,2175.0
Carabanchel,2020-11-01,2168.0
Carabanchel,2020-12-01,2164.0
Carabanchel,2021-01-01,2152.0
Carabanchel,2021-02-01,2152.0
Carabanchel,2021-03-01,2127.0
Carabanchel,2021-04-01,2124.0
Carabanchel,2021-05-01,2171.0
Carabanchel,2021-06-01,2176.0
Carabanchel,2021-07-01,2156.0
Carabanchel,2021-08-01,2125.0
Carabanchel,2021-09-01,2140.0
Carabanchel,2021-10-01,2140.0
Carabanchel,2021-11-01,2138.0
Carabanchel,2021-12-01,2155.0
Carabanchel,2022-01-01,2156.0
Carabanchel,2022-02-01,2162.0
Carabanchel,2022-03-01,2185.0
Carabanchel,2022-04-01,2208.0
Carabanchel,2022-05-01,2240.0
Carabanchel,2022-06-01,2270.0
Carabanchel,2022-07-01,2298.0
Carabanchel,2022-08-01,2304.0
Carabanchel,2022-09-01,2340.0
Carabanchel,2022-10-01,2340.0
Carabanchel,2022-11-01,2355.0
Carabanchel,2022-12-01,2366.0
Carabanchel,2023-01-01,2366.0
Carabanchel,2023-02-01,2377.0
Carabanchel,2023-03-01,2374.0
Carabanchel,2023-04-01,2398.0
Carabanchel,2023-05-01,2448.0
Carabanchel,2023-06-01,2457.0
Carabanchel,2023-07-01,2453.0
Carabanchel,2023-08-01,2507.0
Carabanchel,2023-09-01,2520.0
Carabanchel,2023-10-01,2534.0
Carabanchel,2023-11-01,2531.0
Carabanchel,2023-12-01,2572.0
Carabanchel,2024-01-01,2592.0
Carabanchel,2024-02-01,2602.0
Carabanchel,2024-03-01,2612.0
Carabanchel,2024-04-01,2625.0
Carabanchel,2024-05-01,2676.0
Carabanchel,2024-06-01,2712.0
Carabanchel,2024-07-01,2730.0
Carabanchel,2024-08-01,2772.0
Carabanchel,2024-09-01,2784.0
Carabanchel,2024-10-01,2817.0
Carabanchel,2024-11-01,2889.0
Carabanchel,2024-12-01,2933.0
Carabanchel,2025-01-01,2904.0
Carabanchel,2025-02-01,2984.0
Carabanchel,2025-03-01,3039.0
Carabanchel,2025-04-01,3140.0
Carabanchel,2025-05-01,3231.0
Carabanchel,2025-06-01,3308.0
Carabanchel,2025-07-01,3353.0
Carabanchel,2025-08-01,3365.0
Carabanchel,2025-09-01,3388.0
Carabanchel,2025-10-01,3467.0
Carabanchel,2025-11-01,3525.0
Carabanchel,2025-12-01,3557.0
Carabanchel,2026-01-01,3573.0
Carabanchel,2026-02-01,3595.0
Carabanchel,2026-03-01,3656.0
Carabanchel,2026-04-01,3718.0
Carabanchel,2026-05-01,3767.0
Carabanchel,2026-06-01,3790.0
Centro,2007-06-01,4702.0
Centro,2007-07-01,4603.0
Centro,2007-08-01,4541.0
Centro,2007-09-01,4475.0
Centro,2007-10-01,4393.0
Centro,2007-11-01,4393.0
Centro,2007-12-01,4394.0
Centro,2008-01-01,4375.0
Centro,2008-02-01,4337.0
Centro,2008-03-01,4300.0
Centro,2008-04-01,4394.0
Centro,2008-05-01,4394.0
Centro,2008-06-01,4388.0
Centro,2008-07-01,4371.0
Centro,2008-08-01,4255.0
Centro,2008-09-01,4300.0
Centro,2008-10-01,4192.0
Centro,2008-11-01,4167.0
Centro,2008-12-01,4118.0
Centro,2009-01-01,4167.0
Centro,2009-02-01,4189.0
Centro,2009-03-01,4206.0
Centro,2009-04-01,4148.0
Centro,2009-05-01,4167.0
Centro,2009-06-01,4029.0
Centro,2009-07-01,4000.0
Centro,2009-08-01,4000.0
Centro,2009-09-01,4063.0
Centro,2009-10-01,4077.0
Centro,2009-11-01,4048.0
Centro,2009-12-01,4063.0
Centro,2010-01-01,4074.0
Centro,2010-02-01,4027.0
Centro,2010-03-01,4029.0
Centro,2010-04-01,4012.0
Centro,2010-05-01,3996.0
Centro,2010-06-01,3993.0
Centro,2010-07-01,3975.0
Centro,2010-08-01,3980.0
Centro,2010-09-01,3955.0
Centro,2010-10-01,3987.0
Centro,2010-11-01,4008.0
Centro,2010-12-01,3987.0
Centro,2011-01-01,3988.0
Centro,2011-02-01,3988.0
Centro,2011-03-01,3989.0
Centro,2011-04-01,3958.0
Centro,2011-05-01,3941.0
Centro,2011-06-01,3890.0
Centro,2011-07-01,3851.0
Centro,2011-08-01,3813.0
Centro,2011-09-01,3804.0
Centro,2011-10-01,3811.0
Centro,2011-11-01,3808.0
Centro,2011-12-01,3772.0
Centro,2012-01-01,3761.0
Centro,2012-02-01,3744.0
Centro,2012-03-01,3709.0
Centro,2012-04-01,3661.0
Centro,2012-05-01,3603.0
Centro,2012-06-01,3576.0
Centro,2012-07-01,3523.0
Centro,2012-08-01,3499.0
Centro,2012-09-01,3500.0
Centro,2012-10-01,3514.0
Centro,2012-11-01,3472.0
Centro,2012-12-01,3419.0
Centro,2013-01-01,3407.0
Centro,2013-02-01,3400.0
Centro,2013-03-01,3370.0
Centro,2013-04-01,3338.0
Centro,2013-05-01,3321.0
Centro,2013-06-01,3286.0
Centro,2013-07-01,3282.0
Centro,2013-08-01,3248.0
Centro,2013-09-01,3289.0
Centro,2013-10-01,3274.0
Centro,2013-11-01,3249.0
Centro,2013-12-01,3258.0
Centro,2014-01-01,3270.0
Centro,2014-02-01,3279.0
Centro,2014-03-01,3274.0
Centro,2014-04-01,3274.0
Centro,2014-05-01,3289.0
Centro,2014-06-01,3291.0
Centro,2014-07-01,3286.0
Centro,2014-08-01,3286.0
Centro,2014-09-01,3292.0
Centro,2014-10-01,3333.0
Centro,2014-11-01,3327.0
Centro,2014-12-01,3334.0
Centro,2015-01-01,3334.0
Centro,2015-02-01,3334.0
Centro,2015-03-01,3368.0
Centro,2015-04-01,3374.0
Centro,2015-05-01,3394.0
Centro,2015-06-01,3399.0
Centro,2015-07-01,3415.0
Centro,2015-08-01,3438.0
Centro,2015-09-01,3455.0
Centro,2015-10-01,3500.0
Centro,2015-11-01,3531.0
Centro,2015-12-01,3552.0
Centro,2016-01-01,3565.0
Centro,2016-02-01,3556.0
Centro,2016-03-01,3601.0
Centro,2016-04-01,3655.0
Centro,2016-05-01,3626.0
Centro,2016-06-01,3643.0
Centro,2016-07-01,3671.0
Centro,2016-08-01,3703.0
Centro,2016-09-01,3731.0
Centro,2016-10-01,3745.0
Centro,2016-11-01,3805.0
Centro,2016-12-01,3788.0
Centro,2017-01-01,3767.0
Centro,2017-02-01,3795.0
Centro,2017-03-01,3858.0
Centro,2017-04-01,3922.0
Centro,2017-05-01,3997.0
Centro,2017-06-01,4078.0
Centro,2017-07-01,4188.0
Centro,2017-08-01,4261.0
Centro,2017-09-01,4294.0
Centro,2017-10-01,4361.0
Centro,2017-11-01,4426.0
Centro,2017-12-01,4486.0
Centro,2018-01-01,4530.0
Centro,2018-02-01,4633.0
Centro,2018-03-01,4703.0
Centro,2018-04-01,4785.0
Centro,2018-05-01,4853.0
Centro,2018-06-01,4893.0
Centro,2018-07-01,4957.0
Centro,2018-08-01,4967.0
Centro,2018-09-01,4929.0
Centro,2018-10-01,4901.0
Centro,2018-11-01,4934.0
Centro,2018-12-01,4953.0
Centro,2019-01-01,4959.0
Centro,2019-02-01,4990.0
Centro,2019-03-01,4990.0
Centro,2019-04-01,4989.0
Centro,2019-05-01,4988.0
Centro,2019-06-01,4993.0
Centro,2019-07-01,4990.0
Centro,2019-08-01,4990.0
Centro,2019-09-01,4992.0
Centro,2019-10-01,5012.0
Centro,2019-11-01,5013.0
Centro,2019-12-01,5027.0
Centro,2020-01-01,5028.0
Centro,2020-02-01,4996.0
Centro,2020-03-01,4993.0
Centro,2020-04-01,4994.0
Centro,2020-05-01,4993.0
Centro,2020-06-01,4955.0
Centro,2020-07-01,4890.0
Centro,2020-08-01,4874.0
Centro,2020-09-01,4847.0
Centro,2020-10-01,4816.0
Centro,2020-11-01,4769.0
Centro,2020-12-01,4725.0
Centro,2021-01-01,4717.0
Centro,2021-02-01,4747.0
Centro,2021-03-01,4747.0
Centro,2021-04-01,4721.0
Centro,2021-05-01,4730.0
Centro,2021-06-01,4721.0
Centro,2021-07-01,4748.0
Centro,2021-08-01,4786.0
Centro,2021-09-01,4793.0
Centro,2021-10-01,4796.0
Centro,2021-11-01,4822.0
Centro,2021-12-01,4826.0
Centro,2022-01-01,4860.0
Centro,2022-02-01,4935.0
Centro,2022-03-01,4994.0
Centro,2022-04-01,4992.0
Centro,2022-05-01,5040.0
Centro,2022-06-01,5092.0
Centro,2022-07-01,5128.0
Centro,2022-08-01,5111.0
Centro,2022-09-01,5115.0
Centro,2022-10-01,5130.0
Centro,2022-11-01,5136.0
Centro,2022-12-01,5101.0
Centro,2023-01-01,5137.0
Centro,2023-02-01,5152.0
Centro,2023-03-01,5247.0
Centro,2023-04-01,5292.0
Centro,2023-05-01,5357.0
Centro,2023-06-01,5368.0
Centro,2023-07-01,5361.0
Centro,2023-08-01,5381.0
Centro,2023-09-01,5488.0
Centro,2023-10-01,5595.0
Centro,2023-11-01,5719.0
Centro,2023-12-01,5877.0
Centro,2024-01-01,5986.0
Centro,2024-02-01,6091.0
Centro,2024-03-01,6144.0
Centro,2024-04-01,6221.0
Centro,2024-05-01,6205.0
Centro,2024-06-01,6170.0
Centro,2024-07-01,6223.0
Centro,2024-08-01,6294.0
Centro,2024-09-01,6397.0
Centro,2024-10-01,6546.0
Centro,2024-11-01,6594.0
Centro,2024-12-01,6619.0
Centro,2025-01-01,6739.0
Centro,2025-02-01,6749.0
Centro,2025-03-01,6816.0
Centro,2025-04-01,6994.0
Centro,2025-05-01,7198.0
Centro,2025-06-01,7253.0
Centro,2025-07-01,7314.0
Centro,2025-08-01,7281.0
Centro,2025-09-01,7251.0
Centro,2025-10-01,7214.0
Centro,2025-11-01,7332.0
Centro,2025-12-01,7366.0
Centro,2026-01-01,7322.0
Centro,2026-02-01,7368.0
Centro,2026-03-01,7524.0
Centro,2026-04-01,7566.0
Centro,2026-05-01,7588.0
Centro,2026-06-01,7636.0
Chamartín,2007-10-01,4528.0
Chamartín,2007-11-01,4611.0
Chamartín,2007-12-01,4549.0
Chamartín,2008-01-01,4753.0
Chamartín,2008-02-01,4756.0
Chamartín,2008-03-01,4956.0
Chamartín,2008-04-01,4795.0
Chamartín,2008-05-01,4657.0
Chamartín,2008-06-01,4640.0
Chamartín,2008-07-01,4697.0
Chamartín,2008-08-01,4695.0
Chamartín,2008-09-01,4781.0
Chamartín,2008-10-01,4693.0
Chamartín,2008-11-01,4651.0
Chamartín,2008-12-01,4615.0
Chamartín,2009-01-01,4772.0
Chamartín,2009-02-01,4789.0
Chamartín,2009-03-01,4840.0
Chamartín,2009-04-01,4818.0
Chamartín,2009-05-01,4719.0
Chamartín,2009-06-01,4621.0
Chamartín,2009-07-01,4494.0
Chamartín,2009-08-01,4418.0
Chamartín,2009-09-01,4542.0
Chamartín,2009-10-01,4569.0
Chamartín,2009-11-01,4639.0
Chamartín,2009-12-01,4631.0
Chamartín,2010-01-01,4632.0
Chamartín,2010-02-01,4573.0
Chamartín,2010-03-01,4546.0
Chamartín,2010-04-01,4611.0
Chamartín,2010-05-01,4739.0
Chamartín,2010-06-01,4718.0
Chamartín,2010-07-01,4688.0
Chamartín,2010-08-01,4657.0
Chamartín,2010-09-01,4682.0
Chamartín,2010-10-01,4740.0
Chamartín,2010-11-01,4687.0
Chamartín,2010-12-01,4693.0
Chamartín,2011-01-01,4655.0
Chamartín,2011-02-01,4619.0
Chamartín,2011-03-01,4574.0
Chamartín,2011-04-01,4579.0
Chamartín,2011-05-01,4593.0
Chamartín,2011-06-01,4591.0
Chamartín,2011-07-01,4529.0
Chamartín,2011-08-01,4472.0
Chamartín,2011-09-01,4446.0
Chamartín,2011-10-01,4426.0
Chamartín,2011-11-01,4417.0
Chamartín,2011-12-01,4367.0
Chamartín,2012-01-01,4359.0
Chamartín,2012-02-01,4331.0
Chamartín,2012-03-01,4287.0
Chamartín,2012-04-01,4294.0
Chamartín,2012-05-01,4268.0
Chamartín,2012-06-01,4245.0
Chamartín,2012-07-01,4184.0
Chamartín,2012-08-01,4133.0
Chamartín,2012-09-01,4118.0
Chamartín,2012-10-01,4128.0
Chamartín,2012-11-01,4083.0
Chamartín,2012-12-01,4041.0
Chamartín,2013-01-01,4051.0
Chamartín,2013-02-01,4029.0
Chamartín,2013-03-01,3988.0
Chamartín,2013-04-01,3973.0
Chamartín,2013-05-01,3949.0
Chamartín,2013-06-01,3947.0
Chamartín,2013-07-01,3943.0
Chamartín,2013-08-01,3916.0
Chamartín,2013-09-01,3925.0
Chamartín,2013-10-01,3891.0
Chamartín,2013-11-01,3901.0
Chamartín,2013-12-01,3871.0
Chamartín,2014-01-01,3873.0
Chamartín,2014-02-01,3864.0
Chamartín,2014-03-01,3875.0
Chamartín,2014-04-01,3889.0
Chamartín,2014-05-01,3866.0
Chamartín,2014-06-01,3904.0
Chamartín,2014-07-01,3912.0
Chamartín,2014-08-01,3885.0
Chamartín,2014-09-01,3884.0
Chamartín,2014-10-01,3877.0
Chamartín,2014-11-01,3887.0
Chamartín,2014-12-01,3889.0
Chamartín,2015-01-01,3914.0
Chamartín,2015-02-01,3937.0
Chamartín,2015-03-01,3960.0
Chamartín,2015-04-01,3953.0
Chamartín,2015-05-01,3962.0
Chamartín,2015-06-01,4004.0
Chamartín,2015-07-01,4000.0
Chamartín,2015-08-01,3980.0
Chamartín,2015-09-01,3999.0
Chamartín,2015-10-01,3979.0
Chamartín,2015-11-01,4010.0
Chamartín,2015-12-01,4020.0
Chamartín,2016-01-01,4059.0
Chamartín,2016-02-01,4069.0
Chamartín,2016-03-01,4098.0
Chamartín,2016-04-01,4112.0
Chamartín,2016-05-01,4151.0
Chamartín,2016-06-01,4119.0
Chamartín,2016-07-01,4134.0
Chamartín,2016-08-01,4184.0
Chamartín,2016-09-01,4223.0
Chamartín,2016-10-01,4219.0
Chamartín,2016-11-01,4214.0
Chamartín,2016-12-01,4213.0
Chamartín,2017-01-01,4246.0
Chamartín,2017-02-01,4277.0
Chamartín,2017-03-01,4304.0
Chamartín,2017-04-01,4340.0
Chamartín,2017-05-01,4369.0
Chamartín,2017-06-01,4392.0
Chamartín,2017-07-01,4408.0
Chamartín,2017-08-01,4453.0
Chamartín,2017-09-01,4483.0
Chamartín,2017-10-01,4533.0
Chamartín,2017-11-01,4545.0
Chamartín,2017-12-01,4570.0
Chamartín,2018-01-01,4638.0
Chamartín,2018-02-01,4720.0
Chamartín,2018-03-01,4753.0
Chamartín,2018-04-01,4797.0
Chamartín,2018-05-01,4853.0
Chamartín,2018-06-01,4864.0
Chamartín,2018-07-01,4911.0
Chamartín,2018-08-01,4946.0
Chamartín,2018-09-01,5017.0
Chamartín,2018-10-01,5055.0
Chamartín,2018-11-01,5111.0
Chamartín,2018-12-01,5125.0
Chamartín,2019-01-01,5109.0
Chamartín,2019-02-01,5146.0
Chamartín,2019-03-01,5102.0
Chamartín,2019-04-01,5041.0
Chamartín,2019-05-01,5016.0
Chamartín,2019-06-01,4951.0
Chamartín,2019-07-01,4981.0
Chamartín,2019-08-01,4977.0
Chamartín,2019-09-01,5008.0
Chamartín,2019-10-01,4995.0
Chamartín,2019-11-01,4986.0
Chamartín,2019-12-01,5035.0
Chamartín,2020-01-01,5073.0
Chamartín,2020-02-01,5125.0
Chamartín,2020-03-01,5148.0
Chamartín,2020-04-01,5158.0
Chamartín,2020-05-01,5205.0
Chamartín,2020-06-01,5190.0
Chamartín,2020-07-01,5103.0
Chamartín,2020-08-01,5068.0
Chamartín,2020-09-01,5030.0
Chamartín,2020-10-01,5019.0
Chamartín,2020-11-01,5023.0
Chamartín,2020-12-01,4995.0
Chamartín,2021-01-01,4947.0
Chamartín,2021-02-01,4991.0
Chamartín,2021-03-01,4988.0
Chamartín,2021-04-01,5033.0
Chamartín,2021-05-01,5083.0
Chamartín,2021-06-01,5137.0
Chamartín,2021-07-01,5102.0
Chamartín,2021-08-01,5072.0
Chamartín,2021-09-01,5102.0
Chamartín,2021-10-01,5090.0
Chamartín,2021-11-01,5097.0
Chamartín,2021-12-01,5093.0
Chamartín,2022-01-01,5186.0
Chamartín,2022-02-01,5195.0
Chamartín,2022-03-01,5218.0
Chamartín,2022-04-01,5303.0
Chamartín,2022-05-01,5382.0
Chamartín,2022-06-01,5441.0
Chamartín,2022-07-01,5506.0
Chamartín,2022-08-01,5465.0
Chamartín,2022-09-01,5513.0
Chamartín,2022-10-01,5558.0
Chamartín,2022-11-01,5533.0
Chamartín,2022-12-01,5577.0
Chamartín,2023-01-01,5610.0
Chamartín,2023-02-01,5695.0
Chamartín,2023-03-01,5659.0
Chamartín,2023-04-01,5614.0
Chamartín,2023-05-01,5654.0
Chamartín,2023-06-01,5701.0
Chamartín,2023-07-01,5732.0
Chamartín,2023-08-01,5735.0
Chamartín,2023-09-01,5747.0
Chamartín,2023-10-01,5751.0
Chamartín,2023-11-01,5785.0
Chamartín,2023-12-01,5863.0
Chamartín,2024-01-01,5938.0
Chamartín,2024-02-01,5956.0
Chamartín,2024-03-01,6039.0
Chamartín,2024-04-01,6094.0
Chamartín,2024-05-01,6214.0
Chamartín,2024-06-01,6285.0
Chamartín,2024-07-01,6389.0
Chamartín,2024-08-01,6426.0
Chamartín,2024-09-01,6430.0
Chamartín,2024-10-01,6446.0
Chamartín,2024-11-01,6573.0
Chamartín,2024-12-01,6632.0
Chamartín,2025-01-01,6642.0
Chamartín,2025-02-01,6822.0
Chamartín,2025-03-01,6988.0
Chamartín,2025-04-01,7110.0
Chamartín,2025-05-01,7246.0
Chamartín,2025-06-01,7369.0
Chamartín,2025-07-01,7463.0
Chamartín,2025-08-01,7555.0
Chamartín,2025-09-01,7586.0
Chamartín,2025-10-01,7588.0
Chamartín,2025-11-01,7658.0
Chamartín,2025-12-01,7807.0
Chamartín,2026-01-01,7971.0
Chamartín,2026-02-01,8021.0
Chamartín,2026-03-01,8083.0
Chamartín,2026-04-01,8187.0
Chamartín,2026-05-01,8138.0
Chamartín,2026-06-01,8150.0
Chamberí,2008-01-01,4657.0
Chamberí,2008-02-01,4596.0
Chamberí,2008-03-01,4825.0
Chamberí,2008-04-01,4852.0
Chamberí,2008-05-01,4845.0
Chamberí,2008-06-01,4931.0
Chamberí,2008-07-01,4903.0
Chamberí,2008-08-01,4947.0
Chamberí,2008-09-01,4918.0
Chamberí,2008-10-01,4915.0
Chamberí,2008-11-01,4908.0
Chamberí,2008-12-01,4710.0
Chamberí,2009-01-01,4895.0
Chamberí,2009-02-01,4893.0
Chamberí,2009-03-01,4887.0
Chamberí,2009-04-01,4697.0
Chamberí,2009-05-01,4755.0
Chamberí,2009-06-01,4650.0
Chamberí,2009-07-01,4622.0
Chamberí,2009-08-01,4622.0
Chamberí,2009-09-01,4600.0
Chamberí,2009-10-01,4678.0
Chamberí,2009-11-01,4613.0
Chamberí,2009-12-01,4603.0
Chamberí,2010-01-01,4585.0
Chamberí,2010-02-01,4583.0
Chamberí,2010-03-01,4554.0
Chamberí,2010-04-01,4550.0
Chamberí,2010-05-01,4566.0
Chamberí,2010-06-01,4563.0
Chamberí,2010-07-01,4506.0
Chamberí,2010-08-01,4455.0
Chamberí,2010-09-01,4464.0
Chamberí,2010-10-01,4479.0
Chamberí,2010-11-01,4537.0
Chamberí,2010-12-01,4506.0
Chamberí,2011-01-01,4519.0
Chamberí,2011-02-01,4434.0
Chamberí,2011-03-01,4416.0
Chamberí,2011-04-01,4379.0
Chamberí,2011-05-01,4402.0
Chamberí,2011-06-01,4342.0
Chamberí,2011-07-01,4319.0
Chamberí,2011-08-01,4253.0
Chamberí,2011-09-01,4259.0
Chamberí,2011-10-01,4221.0
Chamberí,2011-11-01,4221.0
Chamberí,2011-12-01,4161.0
Chamberí,2012-01-01,4147.0
Chamberí,2012-02-01,4120.0
Chamberí,2012-03-01,4112.0
Chamberí,2012-04-01,4087.0
Chamberí,2012-05-01,4054.0
Chamberí,2012-06-01,4004.0
Chamberí,2012-07-01,3952.0
Chamberí,2012-08-01,3929.0
Chamberí,2012-09-01,3915.0
Chamberí,2012-10-01,3923.0
Chamberí,2012-11-01,3885.0
Chamberí,2012-12-01,3861.0
Chamberí,2013-01-01,3857.0
Chamberí,2013-02-01,3847.0
Chamberí,2013-03-01,3754.0
Chamberí,2013-04-01,3748.0
Chamberí,2013-05-01,3705.0
Chamberí,2013-06-01,3673.0
Chamberí,2013-07-01,3674.0
Chamberí,2013-08-01,3653.0
Chamberí,2013-09-01,3678.0
Chamberí,2013-10-01,3671.0
Chamberí,2013-11-01,3671.0
Chamberí,2013-12-01,3613.0
Chamberí,2014-01-01,3593.0
Chamberí,2014-02-01,3575.0
Chamberí,2014-03-01,3584.0
Chamberí,2014-04-01,3562.0
Chamberí,2014-05-01,3587.0
Chamberí,2014-06-01,3610.0
Chamberí,2014-07-01,3586.0
Chamberí,2014-08-01,3575.0
Chamberí,2014-09-01,3604.0
Chamberí,2014-10-01,3606.0
Chamberí,2014-11-01,3576.0
Chamberí,2014-12-01,3566.0
Chamberí,2015-01-01,3589.0
Chamberí,2015-02-01,3611.0
Chamberí,2015-03-01,3638.0
Chamberí,2015-04-01,3672.0
Chamberí,2015-05-01,3693.0
Chamberí,2015-06-01,3727.0
Chamberí,2015-07-01,3726.0
Chamberí,2015-08-01,3728.0
Chamberí,2015-09-01,3752.0
Chamberí,2015-10-01,3772.0
Chamberí,2015-11-01,3778.0
Chamberí,2015-12-01,3804.0
Chamberí,2016-01-01,3812.0
Chamberí,2016-02-01,3785.0
Chamberí,2016-03-01,3827.0
Chamberí,2016-04-01,3873.0
Chamberí,2016-05-01,3931.0
Chamberí,2016-06-01,3946.0
Chamberí,2016-07-01,3936.0
Chamberí,2016-08-01,3933.0
Chamberí,2016-09-01,3929.0
Chamberí,2016-10-01,3960.0
Chamberí,2016-11-01,3991.0
Chamberí,2016-12-01,4015.0
Chamberí,2017-01-01,4053.0
Chamberí,2017-02-01,4119.0
Chamberí,2017-03-01,4164.0
Chamberí,2017-04-01,4229.0
Chamberí,2017-05-01,4299.0
Chamberí,2017-06-01,4401.0
Chamberí,2017-07-01,4482.0
Chamberí,2017-08-01,4486.0
Chamberí,2017-09-01,4515.0
Chamberí,2017-10-01,4612.0
Chamberí,2017-11-01,4699.0
Chamberí,2017-12-01,4766.0
Chamberí,2018-01-01,4844.0
Chamberí,2018-02-01,4866.0
Chamberí,2018-03-01,4919.0
Chamberí,2018-04-01,4990.0
Chamberí,2018-05-01,5052.0
Chamberí,2018-06-01,5132.0
Chamberí,2018-07-01,5177.0
Chamberí,2018-08-01,5226.0
Chamberí,2018-09-01,5247.0
Chamberí,2018-10-01,5288.0
Chamberí,2018-11-01,5294.0
Chamberí,2018-12-01,5304.0
Chamberí,2019-01-01,5279.0
Chamberí,2019-02-01,5262.0
Chamberí,2019-03-01,5248.0
Chamberí,2019-04-01,5273.0
Chamberí,2019-05-01,5268.0
Chamberí,2019-06-01,5257.0
Chamberí,2019-07-01,5269.0
Chamberí,2019-08-01,5270.0
Chamberí,2019-09-01,5265.0
Chamberí,2019-10-01,5279.0
Chamberí,2019-11-01,5261.0
Chamberí,2019-12-01,5248.0
Chamberí,2020-01-01,5242.0
Chamberí,2020-02-01,5286.0
Chamberí,2020-03-01,5316.0
Chamberí,2020-04-01,5335.0
Chamberí,2020-05-01,5374.0
Chamberí,2020-06-01,5374.0
Chamberí,2020-07-01,5319.0
Chamberí,2020-08-01,5329.0
Chamberí,2020-09-01,5359.0
Chamberí,2020-10-01,5309.0
Chamberí,2020-11-01,5270.0
Chamberí,2020-12-01,5247.0
Chamberí,2021-01-01,5215.0
Chamberí,2021-02-01,5222.0
Chamberí,2021-03-01,5222.0
Chamberí,2021-04-01,5206.0
Chamberí,2021-05-01,5197.0
Chamberí,2021-06-01,5276.0
Chamberí,2021-07-01,5295.0
Chamberí,2021-08-01,5297.0
Chamberí,2021-09-01,5319.0
Chamberí,2021-10-01,5341.0
Chamberí,2021-11-01,5368.0
Chamberí,2021-12-01,5397.0
Chamberí,2022-01-01,5432.0
Chamberí,2022-02-01,5446.0
Chamberí,2022-03-01,5473.0
Chamberí,2022-04-01,5500.0
Chamberí,2022-05-01,5592.0
Chamberí,2022-06-01,5657.0
Chamberí,2022-07-01,5675.0
Chamberí,2022-08-01,5702.0
Chamberí,2022-09-01,5796.0
Chamberí,2022-10-01,5811.0
Chamberí,2022-11-01,5816.0
Chamberí,2022-12-01,5818.0
Chamberí,2023-01-01,5857.0
Chamberí,2023-02-01,5891.0
Chamberí,2023-03-01,5923.0
Chamberí,2023-04-01,5928.0
Chamberí,2023-05-01,5921.0
Chamberí,2023-06-01,5943.0
Chamberí,2023-07-01,5986.0
Chamberí,2023-08-01,6044.0
Chamberí,2023-09-01,6052.0
Chamberí,2023-10-01,6073.0
Chamberí,2023-11-01,6116.0
Chamberí,2023-12-01,6124.0
Chamberí,2024-01-01,6161.0
Chamberí,2024-02-01,6271.0
Chamberí,2024-03-01,6347.0
Chamberí,2024-04-01,6427.0
Chamberí,2024-05-01,6630.0
Chamberí,2024-06-01,6665.0
Chamberí,2024-07-01,6848.0
Chamberí,2024-08-01,6928.0
Chamberí,2024-09-01,6977.0
Chamberí,2024-10-01,7106.0
Chamberí,2024-11-01,7173.0
Chamberí,2024-12-01,7305.0
Chamberí,2025-01-01,7394.0
Chamberí,2025-02-01,7559.0
Chamberí,2025-03-01,7677.0
Chamberí,2025-04-01,7871.0
Chamberí,2025-05-01,8099.0
Chamberí,2025-06-01,8333.0
Chamberí,2025-07-01,8361.0
Chamberí,2025-08-01,8381.0
Chamberí,2025-09-01,8317.0
Chamberí,2025-10-01,8447.0
Chamberí,2025-11-01,8695.0
Chamberí,2025-12-01,8791.0
Chamberí,2026-01-01,8873.0
Chamberí,2026-02-01,8951.0
Chamberí,2026-03-01,8995.0
Chamberí,2026-04-01,8992.0
Chamberí,2026-05-01,8967.0
Chamberí,2026-06-01,8971.0
Ciudad Lineal,2007-07-01,3421.0
Ciudad Lineal,2007-08-01,3519.0
Ciudad Lineal,2007-09-01,3519.0
Ciudad Lineal,2007-10-01,3601.0
Ciudad Lineal,2007-11-01,3560.0
Ciudad Lineal,2007-12-01,3457.0
Ciudad Lineal,2008-01-01,3408.0
Ciudad Lineal,2008-02-01,3515.0
Ciudad Lineal,2008-03-01,3561.0
Ciudad Lineal,2008-04-01,3531.0
Ciudad Lineal,2008-05-01,3511.0
Ciudad Lineal,2008-06-01,3373.0
Ciudad Lineal,2008-07-01,3309.0
Ciudad Lineal,2008-08-01,3343.0
Ciudad Lineal,2008-09-01,3337.0
Ciudad Lineal,2008-10-01,3414.0
Ciudad Lineal,2008-11-01,3429.0
Ciudad Lineal,2008-12-01,3314.0
Ciudad Lineal,2009-01-01,3209.0
Ciudad Lineal,2009-02-01,3228.0
Ciudad Lineal,2009-03-01,3265.0
Ciudad Lineal,2009-04-01,3306.0
Ciudad Lineal,2009-05-01,3229.0
Ciudad Lineal,2009-06-01,3248.0
Ciudad Lineal,2009-07-01,3201.0
Ciudad Lineal,2009-08-01,3118.0
Ciudad Lineal,2009-09-01,3155.0
Ciudad Lineal,2009-10-01,3170.0
Ciudad Lineal,2009-11-01,3196.0
Ciudad Lineal,2009-12-01,3187.0
Ciudad Lineal,2010-01-01,3187.0
Ciudad Lineal,2010-02-01,3196.0
Ciudad Lineal,2010-03-01,3195.0
Ciudad Lineal,2010-04-01,3207.0
Ciudad Lineal,2010-05-01,3184.0
Ciudad Lineal,2010-06-01,3167.0
Ciudad Lineal,2010-07-01,3148.0
Ciudad Lineal,2010-08-01,3145.0
Ciudad Lineal,2010-09-01,3164.0
Ciudad Lineal,2010-10-01,3187.0
Ciudad Lineal,2010-11-01,3256.0
Ciudad Lineal,2010-12-01,3214.0
Ciudad Lineal,2011-01-01,3211.0
Ciudad Lineal,2011-02-01,3164.0
Ciudad Lineal,2011-03-01,3201.0
Ciudad Lineal,2011-04-01,3177.0
Ciudad Lineal,2011-05-01,3172.0
Ciudad Lineal,2011-06-01,3161.0
Ciudad Lineal,2011-07-01,3119.0
Ciudad Lineal,2011-08-01,3071.0
Ciudad Lineal,2011-09-01,3064.0
Ciudad Lineal,2011-10-01,3081.0
Ciudad Lineal,2011-11-01,3023.0
Ciudad Lineal,2011-12-01,3046.0
Ciudad Lineal,2012-01-01,3048.0
Ciudad Lineal,2012-02-01,2997.0
Ciudad Lineal,2012-03-01,2966.0
Ciudad Lineal,2012-04-01,2866.0
Ciudad Lineal,2012-05-01,2868.0
Ciudad Lineal,2012-06-01,2818.0
Ciudad Lineal,2012-07-01,2812.0
Ciudad Lineal,2012-08-01,2777.0
Ciudad Lineal,2012-09-01,2764.0
Ciudad Lineal,2012-10-01,2732.0
Ciudad Lineal,2012-11-01,2682.0
Ciudad Lineal,2012-12-01,2637.0
Ciudad Lineal,2013-01-01,2598.0
Ciudad Lineal,2013-02-01,2539.0
Ciudad Lineal,2013-03-01,2560.0
Ciudad Lineal,2013-04-01,2525.0
Ciudad Lineal,2013-05-01,2547.0
Ciudad Lineal,2013-06-01,2521.0
Ciudad Lineal,2013-07-01,2515.0
Ciudad Lineal,2013-08-01,2495.0
Ciudad Lineal,2013-09-01,2516.0
Ciudad Lineal,2013-10-01,2512.0
Ciudad Lineal,2013-11-01,2512.0
Ciudad Lineal,2013-12-01,2512.0
Ciudad Lineal,2014-01-01,2504.0
Ciudad Lineal,2014-02-01,2490.0
Ciudad Lineal,2014-03-01,2473.0
Ciudad Lineal,2014-04-01,2470.0
Ciudad Lineal,2014-05-01,2479.0
Ciudad Lineal,2014-06-01,2502.0
Ciudad Lineal,2014-07-01,2421.0
Ciudad Lineal,2014-08-01,2396.0
Ciudad Lineal,2014-09-01,2470.0
Ciudad Lineal,2014-10-01,2474.0
Ciudad Lineal,2014-11-01,2451.0
Ciudad Lineal,2014-12-01,2414.0
Ciudad Lineal,2015-01-01,2457.0
Ciudad Lineal,2015-02-01,2446.0
Ciudad Lineal,2015-03-01,2459.0
Ciudad Lineal,2015-04-01,2455.0
Ciudad Lineal,2015-05-01,2450.0
Ciudad Lineal,2015-06-01,2461.0
Ciudad Lineal,2015-07-01,2420.0
Ciudad Lineal,2015-08-01,2412.0
Ciudad Lineal,2015-09-01,2407.0
Ciudad Lineal,2015-10-01,2415.0
Ciudad Lineal,2015-11-01,2415.0
Ciudad Lineal,2015-12-01,2404.0
Ciudad Lineal,2016-01-01,2397.0
Ciudad Lineal,2016-02-01,2410.0
Ciudad Lineal,2016-03-01,2416.0
Ciudad Lineal,2016-04-01,2427.0
Ciudad Lineal,2016-05-01,2423.0
Ciudad Lineal,2016-06-01,2410.0
Ciudad Lineal,2016-07-01,2409.0
Ciudad Lineal,2016-08-01,2397.0
Ciudad Lineal,2016-09-01,2416.0
Ciudad Lineal,2016-10-01,2450.0
Ciudad Lineal,2016-11-01,2457.0
Ciudad Lineal,2016-12-01,2418.0
Ciudad Lineal,2017-01-01,2393.0
Ciudad Lineal,2017-02-01,2441.0
Ciudad Lineal,2017-03-01,2440.0
Ciudad Lineal,2017-04-01,2458.0
Ciudad Lineal,2017-05-01,2482.0
Ciudad Lineal,2017-06-01,2507.0
Ciudad Lineal,2017-07-01,2538.0
Ciudad Lineal,2017-08-01,2544.0
Ciudad Lineal,2017-09-01,2566.0
Ciudad Lineal,2017-10-01,2586.0
Ciudad Lineal,2017-11-01,2589.0
Ciudad Lineal,2017-12-01,2589.0
Ciudad Lineal,2018-01-01,2609.0
Ciudad Lineal,2018-02-01,2681.0
Ciudad Lineal,2018-03-01,2750.0
Ciudad Lineal,2018-04-01,2775.0
Ciudad Lineal,2018-05-01,2811.0
Ciudad Lineal,2018-06-01,2866.0
Ciudad Lineal,2018-07-01,2924.0
Ciudad Lineal,2018-08-01,2947.0
Ciudad Lineal,2018-09-01,2918.0
Ciudad Lineal,2018-10-01,2930.0
Ciudad Lineal,2018-11-01,2941.0
Ciudad Lineal,2018-12-01,2988.0
Ciudad Lineal,2019-01-01,3022.0
Ciudad Lineal,2019-02-01,3027.0
Ciudad Lineal,2019-03-01,3038.0
Ciudad Lineal,2019-04-01,3055.0
Ciudad Lineal,2019-05-01,3060.0
Ciudad Lineal,2019-06-01,3073.0
Ciudad Lineal,2019-07-01,3089.0
Ciudad Lineal,2019-08-01,3090.0
Ciudad Lineal,2019-09-01,3055.0
Ciudad Lineal,2019-10-01,3027.0
Ciudad Lineal,2019-11-01,3016.0
Ciudad Lineal,2019-12-01,3008.0
Ciudad Lineal,2020-01-01,3006.0
Ciudad Lineal,2020-02-01,3006.0
Ciudad Lineal,2020-03-01,3005.0
Ciudad Lineal,2020-04-01,3002.0
Ciudad Lineal,2020-05-01,3054.0
Ciudad Lineal,2020-06-01,3005.0
Ciudad Lineal,2020-07-01,2969.0
Ciudad Lineal,2020-08-01,2974.0
Ciudad Lineal,2020-09-01,2975.0
Ciudad Lineal,2020-10-01,2949.0
Ciudad Lineal,2020-11-01,2934.0
Ciudad Lineal,2020-12-01,2926.0
Ciudad Lineal,2021-01-01,2928.0
Ciudad Lineal,2021-02-01,2956.0
Ciudad Lineal,2021-03-01,2951.0
Ciudad Lineal,2021-04-01,2931.0
Ciudad Lineal,2021-05-01,2934.0
Ciudad Lineal,2021-06-01,2974.0
Ciudad Lineal,2021-07-01,2998.0
Ciudad Lineal,2021-08-01,2983.0
Ciudad Lineal,2021-09-01,2962.0
Ciudad Lineal,2021-10-01,2941.0
Ciudad Lineal,2021-11-01,2962.0
Ciudad Lineal,2021-12-01,2985.0
Ciudad Lineal,2022-01-01,2996.0
Ciudad Lineal,2022-02-01,3046.0
Ciudad Lineal,2022-03-01,3039.0
Ciudad Lineal,2022-04-01,3084.0
Ciudad Lineal,2022-05-01,3123.0
Ciudad Lineal,2022-06-01,3139.0
Ciudad Lineal,2022-07-01,3198.0
Ciudad Lineal,2022-08-01,3275.0
Ciudad Lineal,2022-09-01,3298.0
Ciudad Lineal,2022-10-01,3294.0
Ciudad Lineal,2022-11-01,3281.0
Ciudad Lineal,2022-12-01,3260.0
Ciudad Lineal,2023-01-01,3244.0
Ciudad Lineal,2023-02-01,3255.0
Ciudad Lineal,2023-03-01,3281.0
Ciudad Lineal,2023-04-01,3352.0
Ciudad Lineal,2023-05-01,3384.0
Ciudad Lineal,2023-06-01,3382.0
Ciudad Lineal,2023-07-01,3361.0
Ciudad Lineal,2023-08-01,3384.0
Ciudad Lineal,2023-09-01,3384.0
Ciudad Lineal,2023-10-01,3372.0
Ciudad Lineal,2023-11-01,3404.0
Ciudad Lineal,2023-12-01,3459.0
Ciudad Lineal,2024-01-01,3484.0
Ciudad Lineal,2024-02-01,3467.0
Ciudad Lineal,2024-03-01,3497.0
Ciudad Lineal,2024-04-01,3538.0
Ciudad Lineal,2024-05-01,3645.0
Ciudad Lineal,2024-06-01,3676.0
Ciudad Lineal,2024-07-01,3752.0
Ciudad Lineal,2024-08-01,3774.0
Ciudad Lineal,2024-09-01,3862.0
Ciudad Lineal,2024-10-01,3971.0
Ciudad Lineal,2024-11-01,4002.0
Ciudad Lineal,2024-12-01,4052.0
Ciudad Lineal,2025-01-01,4001.0
Ciudad Lineal,2025-02-01,4086.0
Ciudad Lineal,2025-03-01,4219.0
Ciudad Lineal,2025-04-01,4350.0
Ciudad Lineal,2025-05-01,4480.0
Ciudad Lineal,2025-06-01,4606.0
Ciudad Lineal,2025-07-01,4691.0
Ciudad Lineal,2025-08-01,4745.0
Ciudad Lineal,2025-09-01,4776.0
Ciudad Lineal,2025-10-01,4883.0
Ciudad Lineal,2025-11-01,4932.0
Ciudad Lineal,2025-12-01,4997.0
Ciudad Lineal,2026-01-01,5010.0
Ciudad Lineal,2026-02-01,5009.0
Ciudad Lineal,2026-03-01,5058.0
Ciudad Lineal,2026-04-01,5096.0
Ciudad Lineal,2026-05-01,5136.0
Ciudad Lineal,2026-06-01,5174.0
Fuencarral,2007-08-01,3407.0
Fuencarral,2007-09-01,3429.0
Fuencarral,2007-10-01,3509.0
Fuencarral,2007-11-01,3396.0
Fuencarral,2007-12-01,3536.0
Fuencarral,2008-01-01,3402.0
Fuencarral,2008-02-01,3432.0
Fuencarral,2008-03-01,3580.0
Fuencarral,2008-04-01,3761.0
Fuencarral,2008-05-01,3758.0
Fuencarral,2008-06-01,3685.0
Fuencarral,2008-07-01,3602.0
Fuencarral,2008-08-01,3536.0
Fuencarral,2008-09-01,3530.0
Fuencarral,2008-10-01,3417.0
Fuencarral,2008-11-01,3464.0
Fuencarral,2008-12-01,3446.0
Fuencarral,2009-01-01,3464.0
Fuencarral,2009-02-01,3467.0
Fuencarral,2009-03-01,3436.0
Fuencarral,2009-04-01,3432.0
Fuencarral,2009-05-01,3414.0
Fuencarral,2009-06-01,3320.0
Fuencarral,2009-07-01,3316.0
Fuencarral,2009-08-01,3284.0
Fuencarral,2009-09-01,3279.0
Fuencarral,2009-10-01,3322.0
Fuencarral,2009-11-01,3318.0
Fuencarral,2009-12-01,3311.0
Fuencarral,2010-01-01,3278.0
Fuencarral,2010-02-01,3326.0
Fuencarral,2010-03-01,3333.0
Fuencarral,2010-04-01,3417.0
Fuencarral,2010-05-01,3341.0
Fuencarral,2010-06-01,3281.0
Fuencarral,2010-07-01,3274.0
Fuencarral,2010-08-01,3291.0
Fuencarral,2010-09-01,3301.0
Fuencarral,2010-10-01,3335.0
Fuencarral,2010-11-01,3393.0
Fuencarral,2010-12-01,3428.0
Fuencarral,2011-01-01,3432.0
Fuencarral,2011-02-01,3367.0
Fuencarral,2011-03-01,3390.0
Fuencarral,2011-04-01,3385.0
Fuencarral,2011-05-01,3379.0
Fuencarral,2011-06-01,3378.0
Fuencarral,2011-07-01,3352.0
Fuencarral,2011-08-01,3335.0
Fuencarral,2011-09-01,3337.0
Fuencarral,2011-10-01,3318.0
Fuencarral,2011-11-01,3305.0
Fuencarral,2011-12-01,3278.0
Fuencarral,2012-01-01,3265.0
Fuencarral,2012-02-01,3239.0
Fuencarral,2012-03-01,3209.0
Fuencarral,2012-04-01,3134.0
Fuencarral,2012-05-01,3114.0
Fuencarral,2012-06-01,3046.0
Fuencarral,2012-07-01,3029.0
Fuencarral,2012-08-01,3005.0
Fuencarral,2012-09-01,3008.0
Fuencarral,2012-10-01,3026.0
Fuencarral,2012-11-01,3006.0
Fuencarral,2012-12-01,2962.0
Fuencarral,2013-01-01,2932.0
Fuencarral,2013-02-01,2901.0
Fuencarral,2013-03-01,2909.0
Fuencarral,2013-04-01,2879.0
Fuencarral,2013-05-01,2858.0
Fuencarral,2013-06-01,2843.0
Fuencarral,2013-07-01,2819.0
Fuencarral,2013-08-01,2794.0
Fuencarral,2013-09-01,2854.0
Fuencarral,2013-10-01,2847.0
Fuencarral,2013-11-01,2850.0
Fuencarral,2013-12-01,2799.0
Fuencarral,2014-01-01,2793.0
Fuencarral,2014-02-01,2783.0
Fuencarral,2014-03-01,2760.0
Fuencarral,2014-04-01,2740.0
Fuencarral,2014-05-01,2754.0
Fuencarral,2014-06-01,2749.0
Fuencarral,2014-07-01,2727.0
Fuencarral,2014-08-01,2713.0
Fuencarral,2014-09-01,2731.0
Fuencarral,2014-10-01,2717.0
Fuencarral,2014-11-01,2737.0
Fuencarral,2014-12-01,2740.0
Fuencarral,2015-01-01,2761.0
Fuencarral,2015-02-01,2782.0
Fuencarral,2015-03-01,2782.0
Fuencarral,2015-04-01,2779.0
Fuencarral,2015-05-01,2801.0
Fuencarral,2015-06-01,2804.0
Fuencarral,2015-07-01,2764.0
Fuencarral,2015-08-01,2734.0
Fuencarral,2015-09-01,2739.0
Fuencarral,2015-10-01,2753.0
Fuencarral,2015-11-01,2765.0
Fuencarral,2015-12-01,2770.0
Fuencarral,2016-01-01,2761.0
Fuencarral,2016-02-01,2788.0
Fuencarral,2016-03-01,2807.0
Fuencarral,2016-04-01,2822.0
Fuencarral,2016-05-01,2831.0
Fuencarral,2016-06-01,2815.0
Fuencarral,2016-07-01,2794.0
Fuencarral,2016-08-01,2799.0
Fuencarral,2016-09-01,2819.0
Fuencarral,2016-10-01,2835.0
Fuencarral,2016-11-01,2877.0
Fuencarral,2016-12-01,2884.0
Fuencarral,2017-01-01,2884.0
Fuencarral,2017-02-01,2884.0
Fuencarral,2017-03-01,2919.0
Fuencarral,2017-04-01,2922.0
Fuencarral,2017-05-01,2926.0
Fuencarral,2017-06-01,2975.0
Fuencarral,2017-07-01,2998.0
Fuencarral,2017-08-01,3024.0
Fuencarral,2017-09-01,3013.0
Fuencarral,2017-10-01,3024.0
Fuencarral,2017-11-01,3049.0
Fuencarral,2017-12-01,3097.0
Fuencarral,2018-01-01,3117.0
Fuencarral,2018-02-01,3154.0
Fuencarral,2018-03-01,3174.0
Fuencarral,2018-04-01,3217.0
Fuencarral,2018-05-01,3235.0
Fuencarral,2018-06-01,3253.0
Fuencarral,2018-07-01,3284.0
Fuencarral,2018-08-01,3307.0
Fuencarral,2018-09-01,3317.0
Fuencarral,2018-10-01,3343.0
Fuencarral,2018-11-01,3358.0
Fuencarral,2018-12-01,3369.0
Fuencarral,2019-01-01,3365.0
Fuencarral,2019-02-01,3376.0
Fuencarral,2019-03-01,3395.0
Fuencarral,2019-04-01,3423.0
Fuencarral,2019-05-01,3446.0
Fuencarral,2019-06-01,3433.0
Fuencarral,2019-07-01,3464.0
Fuencarral,2019-08-01,3478.0
Fuencarral,2019-09-01,3496.0
Fuencarral,2019-10-01,3522.0
Fuencarral,2019-11-01,3553.0
Fuencarral,2019-12-01,3561.0
Fuencarral,2020-01-01,3537.0
Fuencarral,2020-02-01,3533.0
Fuencarral,2020-03-01,3569.0
Fuencarral,2020-04-01,3610.0
Fuencarral,2020-05-01,3608.0
Fuencarral,2020-06-01,3578.0
Fuencarral,2020-07-01,3564.0
Fuencarral,2020-08-01,3539.0
Fuencarral,2020-09-01,3514.0
Fuencarral,2020-10-01,3512.0
Fuencarral,2020-11-01,3516.0
Fuencarral,2020-12-01,3498.0
Fuencarral,2021-01-01,3471.0
Fuencarral,2021-02-01,3484.0
Fuencarral,2021-03-01,3531.0
Fuencarral,2021-04-01,3538.0
Fuencarral,2021-05-01,3522.0
Fuencarral,2021-06-01,3552.0
Fuencarral,2021-07-01,3553.0
Fuencarral,2021-08-01,3577.0
Fuencarral,2021-09-01,3588.0
Fuencarral,2021-10-01,3587.0
Fuencarral,2021-11-01,3594.0
Fuencarral,2021-12-01,3626.0
Fuencarral,2022-01-01,3649.0
Fuencarral,2022-02-01,3710.0
Fuencarral,2022-03-01,3738.0
Fuencarral,2022-04-01,3735.0
Fuencarral,2022-05-01,3715.0
Fuencarral,2022-06-01,3732.0
Fuencarral,2022-07-01,3734.0
Fuencarral,2022-08-01,3769.0
Fuencarral,2022-09-01,3770.0
Fuencarral,2022-10-01,3836.0
Fuencarral,2022-11-01,3837.0
Fuencarral,2022-12-01,3808.0
Fuencarral,2023-01-01,3774.0
Fuencarral,2023-02-01,3758.0
Fuencarral,2023-03-01,3775.0
Fuencarral,2023-04-01,3803.0
Fuencarral,2023-05-01,3825.0
Fuencarral,2023-06-01,3831.0
Fuencarral,2023-07-01,3825.0
Fuencarral,2023-08-01,3822.0
Fuencarral,2023-09-01,3837.0
Fuencarral,2023-10-01,3812.0
Fuencarral,2023-11-01,3822.0
Fuencarral,2023-12-01,3845.0
Fuencarral,2024-01-01,3866.0
Fuencarral,2024-02-01,3882.0
Fuencarral,2024-03-01,3909.0
Fuencarral,2024-04-01,3936.0
Fuencarral,2024-05-01,4005.0
Fuencarral,2024-06-01,4038.0
Fuencarral,2024-07-01,4036.0
Fuencarral,2024-08-01,4088.0
Fuencarral,2024-09-01,4109.0
Fuencarral,2024-10-01,4255.0
Fuencarral,2024-11-01,4305.0
Fuencarral,2024-12-01,4333.0
Fuencarral,2025-01-01,4351.0
Fuencarral,2025-02-01,4505.0
Fuencarral,2025-03-01,4572.0
Fuencarral,2025-04-01,4752.0
Fuencarral,2025-05-01,4829.0
Fuencarral,2025-06-01,4898.0
Fuencarral,2025-07-01,4963.0
Fuencarral,2025-08-01,4990.0
Fuencarral,2025-09-01,5030.0
Fuencarral,2025-10-01,5098.0
Fuencarral,2025-11-01,5257.0
Fuencarral,2025-12-01,5301.0
Fuencarral,2026-01-01,5292.0
Fuencarral,2026-02-01,5335.0
Fuencarral,2026-03-01,5369.0
Fuencarral,2026-04-01,5423.0
Fuencarral,2026-05-01,5459.0
Fuencarral,2026-06-01,5485.0
Hortaleza,2007-10-01,3514.0
Hortaleza,2007-11-01,3629.0
Hortaleza,2007-12-01,3859.0
Hortaleza,2008-01-01,3477.0
Hortaleza,2008-02-01,3573.0
Hortaleza,2008-03-01,3561.0
Hortaleza,2008-04-01,3566.0
Hortaleza,2008-05-01,3512.0
Hortaleza,2008-06-01,3534.0
Hortaleza,2008-07-01,3494.0
Hortaleza,2008-08-01,3512.0
Hortaleza,2008-09-01,3558.0
Hortaleza,2008-10-01,3579.0
Hortaleza,2008-11-01,3612.0
Hortaleza,2008-12-01,3495.0
Hortaleza,2009-01-01,3460.0
Hortaleza,2009-02-01,3512.0
Hortaleza,2009-03-01,3588.0
Hortaleza,2009-04-01,3634.0
Hortaleza,2009-05-01,3699.0
Hortaleza,2009-06-01,3583.0
Hortaleza,2009-07-01,3659.0
Hortaleza,2009-08-01,3594.0
Hortaleza,2009-09-01,3584.0
Hortaleza,2009-10-01,3633.0
Hortaleza,2009-11-01,3552.0
Hortaleza,2009-12-01,3573.0
Hortaleza,2010-01-01,3535.0
Hortaleza,2010-02-01,3556.0
Hortaleza,2010-03-01,3531.0
Hortaleza,2010-04-01,3535.0
Hortaleza,2010-05-01,3619.0
Hortaleza,2010-06-01,3534.0
Hortaleza,2010-07-01,3560.0
Hortaleza,2010-08-01,3518.0
Hortaleza,2010-09-01,3471.0
Hortaleza,2010-10-01,3467.0
Hortaleza,2010-11-01,3463.0
Hortaleza,2010-12-01,3447.0
Hortaleza,2011-01-01,3458.0
Hortaleza,2011-02-01,3457.0
Hortaleza,2011-03-01,3488.0
Hortaleza,2011-04-01,3492.0
Hortaleza,2011-05-01,3459.0
Hortaleza,2011-06-01,3445.0
Hortaleza,2011-07-01,3379.0
Hortaleza,2011-08-01,3365.0
Hortaleza,2011-09-01,3360.0
Hortaleza,2011-10-01,3437.0
Hortaleza,2011-11-01,3451.0
Hortaleza,2011-12-01,3412.0
Hortaleza,2012-01-01,3390.0
Hortaleza,2012-02-01,3351.0
Hortaleza,2012-03-01,3335.0
Hortaleza,2012-04-01,3305.0
Hortaleza,2012-05-01,3312.0
Hortaleza,2012-06-01,3241.0
Hortaleza,2012-07-01,3163.0
Hortaleza,2012-08-01,3071.0
Hortaleza,2012-09-01,3096.0
Hortaleza,2012-10-01,3049.0
Hortaleza,2012-11-01,3031.0
Hortaleza,2012-12-01,2989.0
Hortaleza,2013-01-01,2967.0
Hortaleza,2013-02-01,2980.0
Hortaleza,2013-03-01,3022.0
Hortaleza,2013-04-01,2984.0
Hortaleza,2013-05-01,2987.0
Hortaleza,2013-06-01,2935.0
Hortaleza,2013-07-01,2921.0
Hortaleza,2013-08-01,2877.0
Hortaleza,2013-09-01,2907.0
Hortaleza,2013-10-01,2878.0
Hortaleza,2013-11-01,2852.0
Hortaleza,2013-12-01,2842.0
Hortaleza,2014-01-01,2856.0
Hortaleza,2014-02-01,2853.0
Hortaleza,2014-03-01,2838.0
Hortaleza,2014-04-01,2839.0
Hortaleza,2014-05-01,2842.0
Hortaleza,2014-06-01,2833.0
Hortaleza,2014-07-01,2841.0
Hortaleza,2014-08-01,2828.0
Hortaleza,2014-09-01,2831.0
Hortaleza,2014-10-01,2834.0
Hortaleza,2014-11-01,2832.0
Hortaleza,2014-12-01,2824.0
Hortaleza,2015-01-01,2831.0
Hortaleza,2015-02-01,2807.0
Hortaleza,2015-03-01,2769.0
Hortaleza,2015-04-01,2739.0
Hortaleza,2015-05-01,2807.0
Hortaleza,2015-06-01,2821.0
Hortaleza,2015-07-01,2777.0
Hortaleza,2015-08-01,2759.0
Hortaleza,2015-09-01,2742.0
Hortaleza,2015-10-01,2767.0
Hortaleza,2015-11-01,2793.0
Hortaleza,2015-12-01,2804.0
Hortaleza,2016-01-01,2816.0
Hortaleza,2016-02-01,2850.0
Hortaleza,2016-03-01,2874.0
Hortaleza,2016-04-01,2917.0
Hortaleza,2016-05-01,2901.0
Hortaleza,2016-06-01,2910.0
Hortaleza,2016-07-01,2911.0
Hortaleza,2016-08-01,2911.0
Hortaleza,2016-09-01,2913.0
Hortaleza,2016-10-01,2918.0
Hortaleza,2016-11-01,2913.0
Hortaleza,2016-12-01,2913.0
Hortaleza,2017-01-01,2907.0
Hortaleza,2017-02-01,2946.0
Hortaleza,2017-03-01,2972.0
Hortaleza,2017-04-01,2968.0
Hortaleza,2017-05-01,2980.0
Hortaleza,2017-06-01,3012.0
Hortaleza,2017-07-01,3037.0
Hortaleza,2017-08-01,3070.0
Hortaleza,2017-09-01,3092.0
Hortaleza,2017-10-01,3136.0
Hortaleza,2017-11-01,3148.0
Hortaleza,2017-12-01,3177.0
Hortaleza,2018-01-01,3241.0
Hortaleza,2018-02-01,3293.0
Hortaleza,2018-03-01,3318.0
Hortaleza,2018-04-01,3391.0
Hortaleza,2018-05-01,3454.0
Hortaleza,2018-06-01,3446.0
Hortaleza,2018-07-01,3580.0
Hortaleza,2018-08-01,3658.0
Hortaleza,2018-09-01,3673.0
Hortaleza,2018-10-01,3693.0
Hortaleza,2018-11-01,3666.0
Hortaleza,2018-12-01,3659.0
Hortaleza,2019-01-01,3729.0
Hortaleza,2019-02-01,3721.0
Hortaleza,2019-03-01,3720.0
Hortaleza,2019-04-01,3684.0
Hortaleza,2019-05-01,3672.0
Hortaleza,2019-06-01,3713.0
Hortaleza,2019-07-01,3693.0
Hortaleza,2019-08-01,3649.0
Hortaleza,2019-09-01,3653.0
Hortaleza,2019-10-01,3669.0
Hortaleza,2019-11-01,3633.0
Hortaleza,2019-12-01,3629.0
Hortaleza,2020-01-01,3694.0
Hortaleza,2020-02-01,3746.0
Hortaleza,2020-03-01,3745.0
Hortaleza,2020-04-01,3757.0
Hortaleza,2020-05-01,3715.0
Hortaleza,2020-06-01,3728.0
Hortaleza,2020-07-01,3732.0
Hortaleza,2020-08-01,3678.0
Hortaleza,2020-09-01,3652.0
Hortaleza,2020-10-01,3637.0
Hortaleza,2020-11-01,3664.0
Hortaleza,2020-12-01,3683.0
Hortaleza,2021-01-01,3641.0
Hortaleza,2021-02-01,3646.0
Hortaleza,2021-03-01,3623.0
Hortaleza,2021-04-01,3681.0
Hortaleza,2021-05-01,3739.0
Hortaleza,2021-06-01,3752.0
Hortaleza,2021-07-01,3797.0
Hortaleza,2021-08-01,3823.0
Hortaleza,2021-09-01,3864.0
Hortaleza,2021-10-01,3849.0
Hortaleza,2021-11-01,3803.0
Hortaleza,2021-12-01,3788.0
Hortaleza,2022-01-01,3814.0
Hortaleza,2022-02-01,3863.0
Hortaleza,2022-03-01,3946.0
Hortaleza,2022-04-01,3950.0
Hortaleza,2022-05-01,3939.0
Hortaleza,2022-06-01,3944.0
Hortaleza,2022-07-01,3967.0
Hortaleza,2022-08-01,3944.0
Hortaleza,2022-09-01,3927.0
Hortaleza,2022-10-01,3923.0
Hortaleza,2022-11-01,3905.0
Hortaleza,2022-12-01,3850.0
Hortaleza,2023-01-01,3797.0
Hortaleza,2023-02-01,3832.0
Hortaleza,2023-03-01,3816.0
Hortaleza,2023-04-01,3865.0
Hortaleza,2023-05-01,3900.0
Hortaleza,2023-06-01,3984.0
Hortaleza,2023-07-01,3971.0
Hortaleza,2023-08-01,3954.0
Hortaleza,2023-09-01,3994.0
Hortaleza,2023-10-01,4064.0
Hortaleza,2023-11-01,4041.0
Hortaleza,2023-12-01,4067.0
Hortaleza,2024-01-01,4100.0
Hortaleza,2024-02-01,4129.0
Hortaleza,2024-03-01,4133.0
Hortaleza,2024-04-01,4184.0
Hortaleza,2024-05-01,4334.0
Hortaleza,2024-06-01,4368.0
Hortaleza,2024-07-01,4420.0
Hortaleza,2024-08-01,4418.0
Hortaleza,2024-09-01,4399.0
Hortaleza,2024-10-01,4423.0
Hortaleza,2024-11-01,4490.0
Hortaleza,2024-12-01,4541.0
Hortaleza,2025-01-01,4564.0
Hortaleza,2025-02-01,4669.0
Hortaleza,2025-03-01,4745.0
Hortaleza,2025-04-01,4833.0
Hortaleza,2025-05-01,4950.0
Hortaleza,2025-06-01,5031.0
Hortaleza,2025-07-01,5117.0
Hortaleza,2025-08-01,5049.0
Hortaleza,2025-09-01,5000.0
Hortaleza,2025-10-01,5091.0
Hortaleza,2025-11-01,5060.0
Hortaleza,2025-12-01,5080.0
Hortaleza,2026-01-01,5186.0
Hortaleza,2026-02-01,5200.0
Hortaleza,2026-03-01,5321.0
Hortaleza,2026-04-01,5411.0
Hortaleza,2026-05-01,5429.0
Hortaleza,2026-06-01,5431.0
Latina,2007-11-01,3058.0
Latina,2007-12-01,2957.0
Latina,2008-01-01,2873.0
Latina,2008-02-01,2904.0
Latina,2008-03-01,2985.0
Latina,2008-04-01,3008.0
Latina,2008-05-01,3007.0
Latina,2008-06-01,2926.0
Latina,2008-07-01,2891.0
Latina,2008-08-01,2861.0
Latina,2008-09-01,2935.0
Latina,2008-10-01,2940.0
Latina,2008-11-01,2929.0
Latina,2008-12-01,2739.0
Latina,2009-01-01,2796.0
Latina,2009-02-01,2800.0
Latina,2009-03-01,2848.0
Latina,2009-04-01,2778.0
Latina,2009-05-01,2713.0
Latina,2009-06-01,2690.0
Latina,2009-07-01,2710.0
Latina,2009-08-01,2714.0
Latina,2009-09-01,2684.0
Latina,2009-10-01,2718.0
Latina,2009-11-01,2718.0
Latina,2009-12-01,2690.0
Latina,2010-01-01,2680.0
Latina,2010-02-01,2647.0
Latina,2010-03-01,2671.0
Latina,2010-04-01,2627.0
Latina,2010-05-01,2579.0
Latina,2010-06-01,2521.0
Latina,2010-07-01,2526.0
Latina,2010-08-01,2522.0
Latina,2010-09-01,2537.0
Latina,2010-10-01,2514.0
Latina,2010-11-01,2534.0
Latina,2010-12-01,2521.0
Latina,2011-01-01,2508.0
Latina,2011-02-01,2495.0
Latina,2011-03-01,2472.0
Latina,2011-04-01,2432.0
Latina,2011-05-01,2398.0
Latina,2011-06-01,2373.0
Latina,2011-07-01,2341.0
Latina,2011-08-01,2304.0
Latina,2011-09-01,2284.0
Latina,2011-10-01,2271.0
Latina,2011-11-01,2247.0
Latina,2011-12-01,2220.0
Latina,2012-01-01,2226.0
Latina,2012-02-01,2195.0
Latina,2012-03-01,2137.0
Latina,2012-04-01,2102.0
Latina,2012-05-01,2074.0
Latina,2012-06-01,2049.0
Latina,2012-07-01,2059.0
Latina,2012-08-01,2034.0
Latina,2012-09-01,2046.0
Latina,2012-10-01,2001.0
Latina,2012-11-01,1962.0
Latina,2012-12-01,1895.0
Latina,2013-01-01,1873.0
Latina,2013-02-01,1870.0
Latina,2013-03-01,1895.0
Latina,2013-04-01,1883.0
Latina,2013-05-01,1879.0
Latina,2013-06-01,1860.0
Latina,2013-07-01,1858.0
Latina,2013-08-01,1822.0
Latina,2013-09-01,1855.0
Latina,2013-10-01,1824.0
Latina,2013-11-01,1800.0
Latina,2013-12-01,1761.0
Latina,2014-01-01,1753.0
Latina,2014-02-01,1723.0
Latina,2014-03-01,1680.0
Latina,2014-04-01,1673.0
Latina,2014-05-01,1667.0
Latina,2014-06-01,1668.0
Latina,2014-07-01,1640.0
Latina,2014-08-01,1646.0
Latina,2014-09-01,1638.0
Latina,2014-10-01,1622.0
Latina,2014-11-01,1608.0
Latina,2014-12-01,1618.0
Latina,2015-01-01,1637.0
Latina,2015-02-01,1625.0
Latina,2015-03-01,1622.0
Latina,2015-04-01,1619.0
Latina,2015-05-01,1644.0
Latina,2015-06-01,1647.0
Latina,2015-07-01,1646.0
Latina,2015-08-01,1644.0
Latina,2015-09-01,1667.0
Latina,2015-10-01,1656.0
Latina,2015-11-01,1671.0
Latina,2015-12-01,1674.0
Latina,2016-01-01,1696.0
Latina,2016-02-01,1684.0
Latina,2016-03-01,1667.0
Latina,2016-04-01,1702.0
Latina,2016-05-01,1730.0
Latina,2016-06-01,1723.0
Latina,2016-07-01,1744.0
Latina,2016-08-01,1746.0
Latina,2016-09-01,1763.0
Latina,2016-10-01,1798.0
Latina,2016-11-01,1777.0
Latina,2016-12-01,1774.0
Latina,2017-01-01,1782.0
Latina,2017-02-01,1794.0
Latina,2017-03-01,1794.0
Latina,2017-04-01,1786.0
Latina,2017-05-01,1820.0
Latina,2017-06-01,1838.0
Latina,2017-07-01,1856.0
Latina,2017-08-01,1846.0
Latina,2017-09-01,1892.0
Latina,2017-10-01,1918.0
Latina,2017-11-01,1947.0
Latina,2017-12-01,1984.0
Latina,2018-01-01,1995.0
Latina,2018-02-01,2033.0
Latina,2018-03-01,2059.0
Latina,2018-04-01,2096.0
Latina,2018-05-01,2143.0
Latina,2018-06-01,2180.0
Latina,2018-07-01,2197.0
Latina,2018-08-01,2213.0
Latina,2018-09-01,2268.0
Latina,2018-10-01,2297.0
Latina,2018-11-01,2273.0
Latina,2018-12-01,2264.0
Latina,2019-01-01,2303.0
Latina,2019-02-01,2305.0
Latina,2019-03-01,2290.0
Latina,2019-04-01,2309.0
Latina,2019-05-01,2289.0
Latina,2019-06-01,2295.0
Latina,2019-07-01,2283.0
Latina,2019-08-01,2305.0
Latina,2019-09-01,2288.0
Latina,2019-10-01,2310.0
Latina,2019-11-01,2308.0
Latina,2019-12-01,2317.0
Latina,2020-01-01,2310.0
Latina,2020-02-01,2331.0
Latina,2020-03-01,2342.0
Latina,2020-04-01,2363.0
Latina,2020-05-01,2352.0
Latina,2020-06-01,2340.0
Latina,2020-07-01,2312.0
Latina,2020-08-01,2267.0
Latina,2020-09-01,2262.0
Latina,2020-10-01,2242.0
Latina,2020-11-01,2253.0
Latina,2020-12-01,2241.0
Latina,2021-01-01,2238.0
Latina,2021-02-01,2239.0
Latina,2021-03-01,2244.0
Latina,2021-04-01,2272.0
Latina,2021-05-01,2284.0
Latina,2021-06-01,2276.0
Latina,2021-07-01,2263.0
Latina,2021-08-01,2272.0
Latina,2021-09-01,2270.0
Latina,2021-10-01,2267.0
Latina,2021-11-01,2270.0
Latina,2021-12-01,2285.0
Latina,2022-01-01,2312.0
Latina,2022-02-01,2289.0
Latina,2022-03-01,2296.0
Latina,2022-04-01,2299.0
Latina,2022-05-01,2315.0
Latina,2022-06-01,2404.0
Latina,2022-07-01,2423.0
Latina,2022-08-01,2458.0
Latina,2022-09-01,2434.0
Latina,2022-10-01,2432.0
Latina,2022-11-01,2480.0
Latina,2022-12-01,2477.0
Latina,2023-01-01,2460.0
Latina,2023-02-01,2498.0
Latina,2023-03-01,2523.0
Latina,2023-04-01,2543.0
Latina,2023-05-01,2522.0
Latina,2023-06-01,2527.0
Latina,2023-07-01,2544.0
Latina,2023-08-01,2564.0
Latina,2023-09-01,2551.0
Latina,2023-10-01,2569.0
Latina,2023-11-01,2566.0
Latina,2023-12-01,2592.0
Latina,2024-01-01,2611.0
Latina,2024-02-01,2634.0
Latina,2024-03-01,2699.0
Latina,2024-04-01,2723.0
Latina,2024-05-01,2746.0
Latina,2024-06-01,2772.0
Latina,2024-07-01,2824.0
Latina,2024-08-01,2890.0
Latina,2024-09-01,2928.0
Latina,2024-10-01,2993.0
Latina,2024-11-01,3068.0
Latina,2024-12-01,3112.0
Latina,2025-01-01,3116.0
Latina,2025-02-01,3153.0
Latina,2025-03-01,3275.0
Latina,2025-04-01,3396.0
Latina,2025-05-01,3517.0
Latina,2025-06-01,3638.0
Latina,2025-07-01,3681.0
Latina,2025-08-01,3659.0
Latina,2025-09-01,3683.0
Latina,2025-10-01,3785.0
Latina,2025-11-01,3793.0
Latina,2025-12-01,3822.0
Latina,2026-01-01,3840.0
Latina,2026-02-01,3846.0
Latina,2026-03-01,3883.0
Latina,2026-04-01,3916.0
Latina,2026-05-01,3980.0
Latina,2026-06-01,3932.0
Moncloa,2007-08-01,3988.0
Moncloa,2007-09-01,3993.0
Moncloa,2007-10-01,3992.0
Moncloa,2007-11-01,3879.0
Moncloa,2007-12-01,3880.0
Moncloa,2008-01-01,3871.0
Moncloa,2008-02-01,3966.0
Moncloa,2008-03-01,3968.0
Moncloa,2008-04-01,3940.0
Moncloa,2008-05-01,3922.0
Moncloa,2008-06-01,3931.0
Moncloa,2008-07-01,3945.0
Moncloa,2008-08-01,3908.0
Moncloa,2008-09-01,3907.0
Moncloa,2008-10-01,3991.0
Moncloa,2008-11-01,4012.0
Moncloa,2008-12-01,4020.0
Moncloa,2009-01-01,3995.0
Moncloa,2009-02-01,3973.0
Moncloa,2009-03-01,3978.0
Moncloa,2009-04-01,3861.0
Moncloa,2009-05-01,3859.0
Moncloa,2009-06-01,3919.0
Moncloa,2009-07-01,3885.0
Moncloa,2009-08-01,3884.0
Moncloa,2009-09-01,3899.0
Moncloa,2009-10-01,3811.0
Moncloa,2009-11-01,3825.0
Moncloa,2009-12-01,3815.0
Moncloa,2010-01-01,3846.0
Moncloa,2010-02-01,3832.0
Moncloa,2010-03-01,3909.0
Moncloa,2010-04-01,3878.0
Moncloa,2010-05-01,3877.0
Moncloa,2010-06-01,3818.0
Moncloa,2010-07-01,3827.0
Moncloa,2010-08-01,3690.0
Moncloa,2010-09-01,3715.0
Moncloa,2010-10-01,3671.0
Moncloa,2010-11-01,3735.0
Moncloa,2010-12-01,3696.0
Moncloa,2011-01-01,3684.0
Moncloa,2011-02-01,3649.0
Moncloa,2011-03-01,3686.0
Moncloa,2011-04-01,3643.0
Moncloa,2011-05-01,3635.0
Moncloa,2011-06-01,3584.0
Moncloa,2011-07-01,3571.0
Moncloa,2011-08-01,3535.0
Moncloa,2011-09-01,3549.0
Moncloa,2011-10-01,3537.0
Moncloa,2011-11-01,3541.0
Moncloa,2011-12-01,3487.0
Moncloa,2012-01-01,3478.0
Moncloa,2012-02-01,3445.0
Moncloa,2012-03-01,3434.0
Moncloa,2012-04-01,3413.0
Moncloa,2012-05-01,3337.0
Moncloa,2012-06-01,3339.0
Moncloa,2012-07-01,3339.0
Moncloa,2012-08-01,3312.0
Moncloa,2012-09-01,3302.0
Moncloa,2012-10-01,3304.0
Moncloa,2012-11-01,3234.0
Moncloa,2012-12-01,3187.0
Moncloa,2013-01-01,3173.0
Moncloa,2013-02-01,3182.0
Moncloa,2013-03-01,3150.0
Moncloa,2013-04-01,3102.0
Moncloa,2013-05-01,3091.0
Moncloa,2013-06-01,3079.0
Moncloa,2013-07-01,3066.0
Moncloa,2013-08-01,3055.0
Moncloa,2013-09-01,3072.0
Moncloa,2013-10-01,3080.0
Moncloa,2013-11-01,3082.0
Moncloa,2013-12-01,3061.0
Moncloa,2014-01-01,3053.0
Moncloa,2014-02-01,3041.0
Moncloa,2014-03-01,3038.0
Moncloa,2014-04-01,3042.0
Moncloa,2014-05-01,3030.0
Moncloa,2014-06-01,3025.0
Moncloa,2014-07-01,3029.0
Moncloa,2014-08-01,3011.0
Moncloa,2014-09-01,3015.0
Moncloa,2014-10-01,3035.0
Moncloa,2014-11-01,3040.0
Moncloa,2014-12-01,3030.0
Moncloa,2015-01-01,3001.0
Moncloa,2015-02-01,2991.0
Moncloa,2015-03-01,3013.0
Moncloa,2015-04-01,3013.0
Moncloa,2015-05-01,3047.0
Moncloa,2015-06-01,3059.0
Moncloa,2015-07-01,3073.0
Moncloa,2015-08-01,3066.0
Moncloa,2015-09-01,3074.0
Moncloa,2015-10-01,3082.0
Moncloa,2015-11-01,3088.0
Moncloa,2015-12-01,3084.0
Moncloa,2016-01-01,3092.0
Moncloa,2016-02-01,3101.0
Moncloa,2016-03-01,3135.0
Moncloa,2016-04-01,3147.0
Moncloa,2016-05-01,3157.0
Moncloa,2016-06-01,3153.0
Moncloa,2016-07-01,3151.0
Moncloa,2016-08-01,3157.0
Moncloa,2016-09-01,3192.0
Moncloa,2016-10-01,3190.0
Moncloa,2016-11-01,3183.0
Moncloa,2016-12-01,3201.0
Moncloa,2017-01-01,3250.0
Moncloa,2017-02-01,3262.0
Moncloa,2017-03-01,3296.0
Moncloa,2017-04-01,3348.0
Moncloa,2017-05-01,3373.0
Moncloa,2017-06-01,3354.0
Moncloa,2017-07-01,3397.0
Moncloa,2017-08-01,3405.0
Moncloa,2017-09-01,3438.0
Moncloa,2017-10-01,3467.0
Moncloa,2017-11-01,3498.0
Moncloa,2017-12-01,3553.0
Moncloa,2018-01-01,3612.0
Moncloa,2018-02-01,3735.0
Moncloa,2018-03-01,3729.0
Moncloa,2018-04-01,3716.0
Moncloa,2018-05-01,3732.0
Moncloa,2018-06-01,3740.0
Moncloa,2018-07-01,3755.0
Moncloa,2018-08-01,3784.0
Moncloa,2018-09-01,3796.0
Moncloa,2018-10-01,3797.0
Moncloa,2018-11-01,3792.0
Moncloa,2018-12-01,3802.0
Moncloa,2019-01-01,3843.0
Moncloa,2019-02-01,3893.0
Moncloa,2019-03-01,3927.0
Moncloa,2019-04-01,3913.0
Moncloa,2019-05-01,3939.0
Moncloa,2019-06-01,3903.0
Moncloa,2019-07-01,3934.0
Moncloa,2019-08-01,3921.0
Moncloa,2019-09-01,3897.0
Moncloa,2019-10-01,3927.0
Moncloa,2019-11-01,3950.0
Moncloa,2019-12-01,3950.0
Moncloa,2020-01-01,3930.0
Moncloa,2020-02-01,3950.0
Moncloa,2020-03-01,3943.0
Moncloa,2020-04-01,3926.0
Moncloa,2020-05-01,3912.0
Moncloa,2020-06-01,3903.0
Moncloa,2020-07-01,3913.0
Moncloa,2020-08-01,3901.0
Moncloa,2020-09-01,3931.0
Moncloa,2020-10-01,3909.0
Moncloa,2020-11-01,3905.0
Moncloa,2020-12-01,3888.0
Moncloa,2021-01-01,3896.0
Moncloa,2021-02-01,3969.0
Moncloa,2021-03-01,3967.0
Moncloa,2021-04-01,3981.0
Moncloa,2021-05-01,4002.0
Moncloa,2021-06-01,4001.0
Moncloa,2021-07-01,4019.0
Moncloa,2021-08-01,4008.0
Moncloa,2021-09-01,4031.0
Moncloa,2021-10-01,4027.0
Moncloa,2021-11-01,4051.0
Moncloa,2021-12-01,4088.0
Moncloa,2022-01-01,4102.0
Moncloa,2022-02-01,4107.0
Moncloa,2022-03-01,4135.0
Moncloa,2022-04-01,4178.0
Moncloa,2022-05-01,4203.0
Moncloa,2022-06-01,4212.0
Moncloa,2022-07-01,4187.0
Moncloa,2022-08-01,4209.0
Moncloa,2022-09-01,4227.0
Moncloa,2022-10-01,4281.0
Moncloa,2022-11-01,4299.0
Moncloa,2022-12-01,4287.0
Moncloa,2023-01-01,4282.0
Moncloa,2023-02-01,4343.0
Moncloa,2023-03-01,4348.0
Moncloa,2023-04-01,4397.0
Moncloa,2023-05-01,4406.0
Moncloa,2023-06-01,4413.0
Moncloa,2023-07-01,4365.0
Moncloa,2023-08-01,4406.0
Moncloa,2023-09-01,4417.0
Moncloa,2023-10-01,4485.0
Moncloa,2023-11-01,4537.0
Moncloa,2023-12-01,4587.0
Moncloa,2024-01-01,4611.0
Moncloa,2024-02-01,4673.0
Moncloa,2024-03-01,4700.0
Moncloa,2024-04-01,4765.0
Moncloa,2024-05-01,4837.0
Moncloa,2024-06-01,4876.0
Moncloa,2024-07-01,4904.0
Moncloa,2024-08-01,5011.0
Moncloa,2024-09-01,5030.0
Moncloa,2024-10-01,5095.0
Moncloa,2024-11-01,5147.0
Moncloa,2024-12-01,5323.0
Moncloa,2025-01-01,5331.0
Moncloa,2025-02-01,5391.0
Moncloa,2025-03-01,5500.0
Moncloa,2025-04-01,5596.0
Moncloa,2025-05-01,5691.0
Moncloa,2025-06-01,5811.0
Moncloa,2025-07-01,5876.0
Moncloa,2025-08-01,6011.0
Moncloa,2025-09-01,6074.0
Moncloa,2025-10-01,6206.0
Moncloa,2025-11-01,6240.0
Moncloa,2025-12-01,6282.0
Moncloa,2026-01-01,6253.0
Moncloa,2026-02-01,6236.0
Moncloa,2026-03-01,6230.0
Moncloa,2026-04-01,6376.0
Moncloa,2026-05-01,6313.0
Moncloa,2026-06-01,6293.0
Moratalaz,2009-09-01,2810.0
Moratalaz,2009-10-01,2500.0
Moratalaz,2009-11-01,2589.0
Moratalaz,2009-12-01,2600.0
Moratalaz,2010-01-01,2621.0
Moratalaz,2010-02-01,2621.0
Moratalaz,2010-03-01,2687.0
Moratalaz,2010-04-01,2692.0
Moratalaz,2010-05-01,2737.0
Moratalaz,2010-06-01,2636.0
Moratalaz,2010-07-01,2583.0
Moratalaz,2010-08-01,2545.0
Moratalaz,2010-09-01,2600.0
Moratalaz,2010-10-01,2579.0
Moratalaz,2010-11-01,2600.0
Moratalaz,2010-12-01,2600.0
Moratalaz,2011-01-01,2688.0
Moratalaz,2011-02-01,2669.0
Moratalaz,2011-03-01,2625.0
Moratalaz,2011-04-01,2569.0
Moratalaz,2011-05-01,2545.0
Moratalaz,2011-06-01,2500.0
Moratalaz,2011-07-01,2500.0
Moratalaz,2011-08-01,2484.0
Moratalaz,2011-09-01,2423.0
Moratalaz,2011-10-01,2366.0
Moratalaz,2011-11-01,2350.0
Moratalaz,2011-12-01,2293.0
Moratalaz,2012-01-01,2321.0
Moratalaz,2012-02-01,2314.0
Moratalaz,2012-03-01,2307.0
Moratalaz,2012-04-01,2255.0
Moratalaz,2012-05-01,2254.0
Moratalaz,2012-06-01,2240.0
Moratalaz,2012-07-01,2196.0
Moratalaz,2012-08-01,2145.0
Moratalaz,2012-09-01,2131.0
Moratalaz,2012-10-01,2131.0
Moratalaz,2012-11-01,2079.0
Moratalaz,2012-12-01,2047.0
Moratalaz,2013-01-01,2002.0
Moratalaz,2013-02-01,1987.0
Moratalaz,2013-03-01,2002.0
Moratalaz,2013-04-01,1991.0
Moratalaz,2013-05-01,2012.0
Moratalaz,2013-06-01,2002.0
Moratalaz,2013-07-01,2002.0
Moratalaz,2013-08-01,1909.0
Moratalaz,2013-09-01,1896.0
Moratalaz,2013-10-01,1873.0
Moratalaz,2013-11-01,1881.0
Moratalaz,2013-12-01,1923.0
Moratalaz,2014-01-01,1902.0
Moratalaz,2014-02-01,1922.0
Moratalaz,2014-03-01,1948.0
Moratalaz,2014-04-01,1971.0
Moratalaz,2014-05-01,1980.0
Moratalaz,2014-06-01,1927.0
Moratalaz,2014-07-01,1907.0
Moratalaz,2014-08-01,1901.0
Moratalaz,2014-09-01,1980.0
Moratalaz,2014-10-01,1933.0
Moratalaz,2014-11-01,1925.0
Moratalaz,2014-12-01,1927.0
Moratalaz,2015-01-01,1926.0
Moratalaz,2015-02-01,1937.0
Moratalaz,2015-03-01,1922.0
Moratalaz,2015-04-01,1942.0
Moratalaz,2015-05-01,1914.0
Moratalaz,2015-06-01,1915.0
Moratalaz,2015-07-01,1916.0
Moratalaz,2015-08-01,1908.0
Moratalaz,2015-09-01,1928.0
Moratalaz,2015-10-01,1950.0
Moratalaz,2015-11-01,1950.0
Moratalaz,2015-12-01,1930.0
Moratalaz,2016-01-01,1967.0
Moratalaz,2016-02-01,1915.0
Moratalaz,2016-03-01,1919.0
Moratalaz,2016-04-01,1940.0
Moratalaz,2016-05-01,1991.0
Moratalaz,2016-06-01,1993.0
Moratalaz,2016-07-01,1968.0
Moratalaz,2016-08-01,1991.0
Moratalaz,2016-09-01,1988.0
Moratalaz,2016-10-01,2003.0
Moratalaz,2016-11-01,2059.0
Moratalaz,2016-12-01,2054.0
Moratalaz,2017-01-01,2014.0
Moratalaz,2017-02-01,2007.0
Moratalaz,2017-03-01,1970.0
Moratalaz,2017-04-01,2007.0
Moratalaz,2017-05-01,2062.0
Moratalaz,2017-06-01,2152.0
Moratalaz,2017-07-01,2140.0
Moratalaz,2017-08-01,2076.0
Moratalaz,2017-09-01,2056.0
Moratalaz,2017-10-01,2104.0
Moratalaz,2017-11-01,2155.0
Moratalaz,2017-12-01,2234.0
Moratalaz,2018-01-01,2292.0
Moratalaz,2018-02-01,2264.0
Moratalaz,2018-03-01,2226.0
Moratalaz,2018-04-01,2290.0
Moratalaz,2018-05-01,2368.0
Moratalaz,2018-06-01,2367.0
Moratalaz,2018-07-01,2358.0
Moratalaz,2018-08-01,2414.0
Moratalaz,2018-09-01,2416.0
Moratalaz,2018-10-01,2442.0
Moratalaz,2018-11-01,2467.0
Moratalaz,2018-12-01,2473.0
Moratalaz,2019-01-01,2483.0
Moratalaz,2019-02-01,2500.0
Moratalaz,2019-03-01,2484.0
Moratalaz,2019-04-01,2489.0
Moratalaz,2019-05-01,2510.0
Moratalaz,2019-06-01,2592.0
Moratalaz,2019-07-01,2608.0
Moratalaz,2019-08-01,2590.0
Moratalaz,2019-09-01,2617.0
Moratalaz,2019-10-01,2574.0
Moratalaz,2019-11-01,2557.0
Moratalaz,2019-12-01,2515.0
Moratalaz,2020-01-01,2500.0
Moratalaz,2020-02-01,2500.0
Moratalaz,2020-03-01,2490.0
Moratalaz,2020-04-01,2542.0
Moratalaz,2020-05-01,2564.0
Moratalaz,2020-06-01,2554.0
Moratalaz,2020-07-01,2500.0
Moratalaz,2020-08-01,2471.0
Moratalaz,2020-09-01,2475.0
Moratalaz,2020-10-01,2499.0
Moratalaz,2020-11-01,2528.0
Moratalaz,2020-12-01,2545.0
Moratalaz,2021-01-01,2549.0
Moratalaz,2021-02-01,2556.0
Moratalaz,2021-03-01,2564.0
Moratalaz,2021-04-01,2534.0
Moratalaz,2021-05-01,2554.0
Moratalaz,2021-06-01,2583.0
Moratalaz,2021-07-01,2579.0
Moratalaz,2021-08-01,2568.0
Moratalaz,2021-09-01,2570.0
Moratalaz,2021-10-01,2500.0
Moratalaz,2021-11-01,2513.0
Moratalaz,2021-12-01,2545.0
Moratalaz,2022-01-01,2561.0
Moratalaz,2022-02-01,2597.0
Moratalaz,2022-03-01,2568.0
Moratalaz,2022-04-01,2659.0
Moratalaz,2022-05-01,2659.0
Moratalaz,2022-06-01,2658.0
Moratalaz,2022-07-01,2653.0
Moratalaz,2022-08-01,2699.0
Moratalaz,2022-09-01,2695.0
Moratalaz,2022-10-01,2672.0
Moratalaz,2022-11-01,2675.0
Moratalaz,2022-12-01,2670.0
Moratalaz,2023-01-01,2654.0
Moratalaz,2023-02-01,2643.0
Moratalaz,2023-03-01,2665.0
Moratalaz,2023-04-01,2687.0
Moratalaz,2023-05-01,2744.0
Moratalaz,2023-06-01,2784.0
Moratalaz,2023-07-01,2797.0
Moratalaz,2023-08-01,2772.0
Moratalaz,2023-09-01,2752.0
Moratalaz,2023-10-01,2754.0
Moratalaz,2023-11-01,2763.0
Moratalaz,2023-12-01,2797.0
Moratalaz,2024-01-01,2830.0
Moratalaz,2024-02-01,2974.0
Moratalaz,2024-03-01,3030.0
Moratalaz,2024-04-01,3061.0
Moratalaz,2024-05-01,3083.0
Moratalaz,2024-06-01,3136.0
Moratalaz,2024-07-01,3150.0
Moratalaz,2024-08-01,3200.0
Moratalaz,2024-09-01,3163.0
Moratalaz,2024-10-01,3213.0
Moratalaz,2024-11-01,3327.0
Moratalaz,2024-12-01,3434.0
Moratalaz,2025-01-01,3439.0
Moratalaz,2025-02-01,3504.0
Moratalaz,2025-03-01,3607.0
Moratalaz,2025-04-01,3705.0
Moratalaz,2025-05-01,3804.0
Moratalaz,2025-06-01,3902.0
Moratalaz,2025-07-01,3910.0
Moratalaz,2025-08-01,3911.0
Moratalaz,2025-09-01,3900.0
Moratalaz,2025-10-01,4047.0
Moratalaz,2025-11-01,4078.0
Moratalaz,2025-12-01,4131.0
Moratalaz,2026-01-01,4261.0
Moratalaz,2026-02-01,4349.0
Moratalaz,2026-03-01,4435.0
Moratalaz,2026-04-01,4533.0
Moratalaz,2026-05-01,4606.0
Moratalaz,2026-06-01,4607.0
Puente de Vallecas,2007-07-01,2802.0
Puente de Vallecas,2007-08-01,2621.0
Puente de Vallecas,2007-09-01,2449.0
Puente de Vallecas,2007-10-01,2714.0
Puente de Vallecas,2007-11-01,2717.0
Puente de Vallecas,2007-12-01,2803.0
Puente de Vallecas,2008-01-01,2744.0
Puente de Vallecas,2008-02-01,2815.0
Puente de Vallecas,2008-03-01,2830.0
Puente de Vallecas,2008-04-01,2944.0
Puente de Vallecas,2008-05-01,2884.0
Puente de Vallecas,2008-06-01,2841.0
Puente de Vallecas,2008-07-01,2725.0
Puente de Vallecas,2008-08-01,2725.0
Puente de Vallecas,2008-09-01,2697.0
Puente de Vallecas,2008-10-01,2711.0
Puente de Vallecas,2008-11-01,2689.0
Puente de Vallecas,2008-12-01,2667.0
Puente de Vallecas,2009-01-01,2663.0
Puente de Vallecas,2009-02-01,2746.0
Puente de Vallecas,2009-03-01,2730.0
Puente de Vallecas,2009-04-01,2691.0
Puente de Vallecas,2009-05-01,2644.0
Puente de Vallecas,2009-06-01,2613.0
Puente de Vallecas,2009-07-01,2534.0
Puente de Vallecas,2009-08-01,2507.0
Puente de Vallecas,2009-09-01,2526.0
Puente de Vallecas,2009-10-01,2498.0
Puente de Vallecas,2009-11-01,2533.0
Puente de Vallecas,2009-12-01,2508.0
Puente de Vallecas,2010-01-01,2501.0
Puente de Vallecas,2010-02-01,2456.0
Puente de Vallecas,2010-03-01,2490.0
Puente de Vallecas,2010-04-01,2510.0
Puente de Vallecas,2010-05-01,2505.0
Puente de Vallecas,2010-06-01,2471.0
Puente de Vallecas,2010-07-01,2435.0
Puente de Vallecas,2010-08-01,2415.0
Puente de Vallecas,2010-09-01,2416.0
Puente de Vallecas,2010-10-01,2423.0
Puente de Vallecas,2010-11-01,2394.0
Puente de Vallecas,2010-12-01,2370.0
Puente de Vallecas,2011-01-01,2321.0
Puente de Vallecas,2011-02-01,2288.0
Puente de Vallecas,2011-03-01,2288.0
Puente de Vallecas,2011-04-01,2217.0
Puente de Vallecas,2011-05-01,2192.0
Puente de Vallecas,2011-06-01,2163.0
Puente de Vallecas,2011-07-01,2130.0
Puente de Vallecas,2011-08-01,2076.0
Puente de Vallecas,2011-09-01,2046.0
Puente de Vallecas,2011-10-01,2037.0
Puente de Vallecas,2011-11-01,1991.0
Puente de Vallecas,2011-12-01,1915.0
Puente de Vallecas,2012-01-01,1900.0
Puente de Vallecas,2012-02-01,1889.0
Puente de Vallecas,2012-03-01,1886.0
Puente de Vallecas,2012-04-01,1854.0
Puente de Vallecas,2012-05-01,1831.0
Puente de Vallecas,2012-06-01,1779.0
Puente de Vallecas,2012-07-01,1736.0
Puente de Vallecas,2012-08-01,1694.0
Puente de Vallecas,2012-09-01,1682.0
Puente de Vallecas,2012-10-01,1652.0
Puente de Vallecas,2012-11-01,1627.0
Puente de Vallecas,2012-12-01,1576.0
Puente de Vallecas,2013-01-01,1551.0
Puente de Vallecas,2013-02-01,1527.0
Puente de Vallecas,2013-03-01,1531.0
Puente de Vallecas,2013-04-01,1517.0
Puente de Vallecas,2013-05-01,1531.0
Puente de Vallecas,2013-06-01,1524.0
Puente de Vallecas,2013-07-01,1516.0
Puente de Vallecas,2013-08-01,1475.0
Puente de Vallecas,2013-09-01,1525.0
Puente de Vallecas,2013-10-01,1513.0
Puente de Vallecas,2013-11-01,1474.0
Puente de Vallecas,2013-12-01,1470.0
Puente de Vallecas,2014-01-01,1462.0
Puente de Vallecas,2014-02-01,1484.0
Puente de Vallecas,2014-03-01,1441.0
Puente de Vallecas,2014-04-01,1401.0
Puente de Vallecas,2014-05-01,1419.0
Puente de Vallecas,2014-06-01,1364.0
Puente de Vallecas,2014-07-01,1359.0
Puente de Vallecas,2014-08-01,1379.0
Puente de Vallecas,2014-09-01,1398.0
Puente de Vallecas,2014-10-01,1392.0
Puente de Vallecas,2014-11-01,1356.0
Puente de Vallecas,2014-12-01,1351.0
Puente de Vallecas,2015-01-01,1347.0
Puente de Vallecas,2015-02-01,1328.0
Puente de Vallecas,2015-03-01,1309.0
Puente de Vallecas,2015-04-01,1325.0
Puente de Vallecas,2015-05-01,1304.0
Puente de Vallecas,2015-06-01,1293.0
Puente de Vallecas,2015-07-01,1293.0
Puente de Vallecas,2015-08-01,1331.0
Puente de Vallecas,2015-09-01,1352.0
Puente de Vallecas,2015-10-01,1360.0
Puente de Vallecas,2015-11-01,1341.0
Puente de Vallecas,2015-12-01,1334.0
Puente de Vallecas,2016-01-01,1357.0
Puente de Vallecas,2016-02-01,1367.0
Puente de Vallecas,2016-03-01,1356.0
Puente de Vallecas,2016-04-01,1341.0
Puente de Vallecas,2016-05-01,1340.0
Puente de Vallecas,2016-06-01,1355.0
Puente de Vallecas,2016-07-01,1346.0
Puente de Vallecas,2016-08-01,1348.0
Puente de Vallecas,2016-09-01,1361.0
Puente de Vallecas,2016-10-01,1377.0
Puente de Vallecas,2016-11-01,1356.0
Puente de Vallecas,2016-12-01,1353.0
Puente de Vallecas,2017-01-01,1364.0
Puente de Vallecas,2017-02-01,1392.0
Puente de Vallecas,2017-03-01,1371.0
Puente de Vallecas,2017-04-01,1375.0
Puente de Vallecas,2017-05-01,1420.0
Puente de Vallecas,2017-06-01,1436.0
Puente de Vallecas,2017-07-01,1460.0
Puente de Vallecas,2017-08-01,1472.0
Puente de Vallecas,2017-09-01,1485.0
Puente de Vallecas,2017-10-01,1521.0
Puente de Vallecas,2017-11-01,1513.0
Puente de Vallecas,2017-12-01,1507.0
Puente de Vallecas,2018-01-01,1536.0
Puente de Vallecas,2018-02-01,1589.0
Puente de Vallecas,2018-03-01,1633.0
Puente de Vallecas,2018-04-01,1678.0
Puente de Vallecas,2018-05-01,1722.0
Puente de Vallecas,2018-06-01,1741.0
Puente de Vallecas,2018-07-01,1785.0
Puente de Vallecas,2018-08-01,1802.0
Puente de Vallecas,2018-09-01,1800.0
Puente de Vallecas,2018-10-01,1817.0
Puente de Vallecas,2018-11-01,1831.0
Puente de Vallecas,2018-12-01,1848.0
Puente de Vallecas,2019-01-01,1876.0
Puente de Vallecas,2019-02-01,1882.0
Puente de Vallecas,2019-03-01,1885.0
Puente de Vallecas,2019-04-01,1894.0
Puente de Vallecas,2019-05-01,1913.0
Puente de Vallecas,2019-06-01,1912.0
Puente de Vallecas,2019-07-01,1919.0
Puente de Vallecas,2019-08-01,1925.0
Puente de Vallecas,2019-09-01,1949.0
Puente de Vallecas,2019-10-01,1968.0
Puente de Vallecas,2019-11-01,1975.0
Puente de Vallecas,2019-12-01,1971.0
Puente de Vallecas,2020-01-01,1951.0
Puente de Vallecas,2020-02-01,1944.0
Puente de Vallecas,2020-03-01,1939.0
Puente de Vallecas,2020-04-01,1932.0
Puente de Vallecas,2020-05-01,1944.0
Puente de Vallecas,2020-06-01,1925.0
Puente de Vallecas,2020-07-01,1909.0
Puente de Vallecas,2020-08-01,1894.0
Puente de Vallecas,2020-09-01,1890.0
Puente de Vallecas,2020-10-01,1890.0
Puente de Vallecas,2020-11-01,1879.0
Puente de Vallecas,2020-12-01,1877.0
Puente de Vallecas,2021-01-01,1863.0
Puente de Vallecas,2021-02-01,1875.0
Puente de Vallecas,2021-03-01,1869.0
Puente de Vallecas,2021-04-01,1877.0
Puente de Vallecas,2021-05-01,1909.0
Puente de Vallecas,2021-06-01,1921.0
Puente de Vallecas,2021-07-01,1911.0
Puente de Vallecas,2021-08-01,1912.0
Puente de Vallecas,2021-09-01,1922.0
Puente de Vallecas,2021-10-01,1921.0
Puente de Vallecas,2021-11-01,1923.0
Puente de Vallecas,2021-12-01,1928.0
Puente de Vallecas,2022-01-01,1941.0
Puente de Vallecas,2022-02-01,1941.0
Puente de Vallecas,2022-03-01,1950.0
Puente de Vallecas,2022-04-01,1988.0
Puente de Vallecas,2022-05-01,2019.0
Puente de Vallecas,2022-06-01,2071.0
Puente de Vallecas,2022-07-01,2117.0
Puente de Vallecas,2022-08-01,2144.0
Puente de Vallecas,2022-09-01,2148.0
Puente de Vallecas,2022-10-01,2130.0
Puente de Vallecas,2022-11-01,2123.0
Puente de Vallecas,2022-12-01,2120.0
Puente de Vallecas,2023-01-01,2112.0
Puente de Vallecas,2023-02-01,2107.0
Puente de Vallecas,2023-03-01,2100.0
Puente de Vallecas,2023-04-01,2136.0
Puente de Vallecas,2023-05-01,2172.0
Puente de Vallecas,2023-06-01,2182.0
Puente de Vallecas,2023-07-01,2175.0
Puente de Vallecas,2023-08-01,2213.0
Puente de Vallecas,2023-09-01,2240.0
Puente de Vallecas,2023-10-01,2238.0
Puente de Vallecas,2023-11-01,2224.0
Puente de Vallecas,2023-12-01,2262.0
Puente de Vallecas,2024-01-01,2267.0
Puente de Vallecas,2024-02-01,2305.0
Puente de Vallecas,2024-03-01,2344.0
Puente de Vallecas,2024-04-01,2376.0
Puente de Vallecas,2024-05-01,2359.0
Puente de Vallecas,2024-06-01,2367.0
Puente de Vallecas,2024-07-01,2375.0
Puente de Vallecas,2024-08-01,2444.0
Puente de Vallecas,2024-09-01,2439.0
Puente de Vallecas,2024-10-01,2488.0
Puente de Vallecas,2024-11-01,2518.0
Puente de Vallecas,2024-12-01,2605.0
Puente de Vallecas,2025-01-01,2591.0
Puente de Vallecas,2025-02-01,2608.0
Puente de Vallecas,2025-03-01,2648.0
Puente de Vallecas,2025-04-01,2719.0
Puente de Vallecas,2025-05-01,2816.0
Puente de Vallecas,2025-06-01,2851.0
Puente de Vallecas,2025-07-01,2908.0
Puente de Vallecas,2025-08-01,2968.0
Puente de Vallecas,2025-09-01,2971.0
Puente de Vallecas,2025-10-01,3039.0
Puente de Vallecas,2025-11-01,3103.0
Puente de Vallecas,2025-12-01,3211.0
Puente de Vallecas,2026-01-01,3287.0
Puente de Vallecas,2026-02-01,3302.0
Puente de Vallecas,2026-03-01,3304.0
Puente de Vallecas,2026-04-01,3325.0
Puente de Vallecas,2026-05-01,3399.0
Puente de Vallecas,2026-06-01,3391.0
Retiro,2008-03-01,4427.0
Retiro,2008-04-01,4337.0
Retiro,2008-05-01,4282.0
Retiro,2008-06-01,4282.0
Retiro,2008-07-01,4258.0
Retiro,2008-08-01,4349.0
Retiro,2008-09-01,4362.0
Retiro,2008-10-01,4287.0
Retiro,2008-11-01,4186.0
Retiro,2008-12-01,4181.0
Retiro,2009-01-01,3992.0
Retiro,2009-02-01,4013.0
Retiro,2009-03-01,4143.0
Retiro,2009-04-01,4134.0
Retiro,2009-05-01,3962.0
Retiro,2009-06-01,3956.0
Retiro,2009-07-01,3958.0
Retiro,2009-08-01,3936.0
Retiro,2009-09-01,4009.0
Retiro,2009-10-01,4008.0
Retiro,2009-11-01,4008.0
Retiro,2009-12-01,3971.0
Retiro,2010-01-01,3959.0
Retiro,2010-02-01,3968.0
Retiro,2010-03-01,4015.0
Retiro,2010-04-01,4071.0
Retiro,2010-05-01,4041.0
Retiro,2010-06-01,4036.0
Retiro,2010-07-01,4019.0
Retiro,2010-08-01,3957.0
Retiro,2010-09-01,3959.0
Retiro,2010-10-01,3986.0
Retiro,2010-11-01,3922.0
Retiro,2010-12-01,3871.0
Retiro,2011-01-01,3881.0
Retiro,2011-02-01,3884.0
Retiro,2011-03-01,3883.0
Retiro,2011-04-01,3861.0
Retiro,2011-05-01,3854.0
Retiro,2011-06-01,3832.0
Retiro,2011-07-01,3788.0
Retiro,2011-08-01,3760.0
Retiro,2011-09-01,3697.0
Retiro,2011-10-01,3699.0
Retiro,2011-11-01,3649.0
Retiro,2011-12-01,3619.0
Retiro,2012-01-01,3620.0
Retiro,2012-02-01,3597.0
Retiro,2012-03-01,3608.0
Retiro,2012-04-01,3553.0
Retiro,2012-05-01,3496.0
Retiro,2012-06-01,3459.0
Retiro,2012-07-01,3466.0
Retiro,2012-08-01,3440.0
Retiro,2012-09-01,3437.0
Retiro,2012-10-01,3432.0
Retiro,2012-11-01,3413.0
Retiro,2012-12-01,3366.0
Retiro,2013-01-01,3368.0
Retiro,2013-02-01,3348.0
Retiro,2013-03-01,3332.0
Retiro,2013-04-01,3312.0
Retiro,2013-05-01,3297.0
Retiro,2013-06-01,3281.0
Retiro,2013-07-01,3241.0
Retiro,2013-08-01,3227.0
Retiro,2013-09-01,3240.0
Retiro,2013-10-01,3199.0
Retiro,2013-11-01,3194.0
Retiro,2013-12-01,3183.0
Retiro,2014-01-01,3174.0
Retiro,2014-02-01,3183.0
Retiro,2014-03-01,3183.0
Retiro,2014-04-01,3193.0
Retiro,2014-05-01,3189.0
Retiro,2014-06-01,3225.0
Retiro,2014-07-01,3223.0
Retiro,2014-08-01,3122.0
Retiro,2014-09-01,3099.0
Retiro,2014-10-01,3090.0
Retiro,2014-11-01,3090.0
Retiro,2014-12-01,3085.0
Retiro,2015-01-01,3125.0
Retiro,2015-02-01,3130.0
Retiro,2015-03-01,3199.0
Retiro,2015-04-01,3308.0
Retiro,2015-05-01,3305.0
Retiro,2015-06-01,3309.0
Retiro,2015-07-01,3329.0
Retiro,2015-08-01,3320.0
Retiro,2015-09-01,3307.0
Retiro,2015-10-01,3307.0
Retiro,2015-11-01,3324.0
Retiro,2015-12-01,3320.0
Retiro,2016-01-01,3322.0
Retiro,2016-02-01,3332.0
Retiro,2016-03-01,3334.0
Retiro,2016-04-01,3333.0
Retiro,2016-05-01,3344.0
Retiro,2016-06-01,3373.0
Retiro,2016-07-01,3378.0
Retiro,2016-08-01,3378.0
Retiro,2016-09-01,3393.0
Retiro,2016-10-01,3379.0
Retiro,2016-11-01,3371.0
Retiro,2016-12-01,3437.0
Retiro,2017-01-01,3441.0
Retiro,2017-02-01,3449.0
Retiro,2017-03-01,3482.0
Retiro,2017-04-01,3502.0
Retiro,2017-05-01,3559.0
Retiro,2017-06-01,3653.0
Retiro,2017-07-01,3692.0
Retiro,2017-08-01,3755.0
Retiro,2017-09-01,3806.0
Retiro,2017-10-01,3870.0
Retiro,2017-11-01,3931.0
Retiro,2017-12-01,4030.0
Retiro,2018-01-01,4083.0
Retiro,2018-02-01,4167.0
Retiro,2018-03-01,4233.0
Retiro,2018-04-01,4386.0
Retiro,2018-05-01,4534.0
Retiro,2018-06-01,4549.0
Retiro,2018-07-01,4522.0
Retiro,2018-08-01,4467.0
Retiro,2018-09-01,4457.0
Retiro,2018-10-01,4474.0
Retiro,2018-11-01,4508.0
Retiro,2018-12-01,4544.0
Retiro,2019-01-01,4597.0
Retiro,2019-02-01,4657.0
Retiro,2019-03-01,4669.0
Retiro,2019-04-01,4649.0
Retiro,2019-05-01,4629.0
Retiro,2019-06-01,4621.0
Retiro,2019-07-01,4594.0
Retiro,2019-08-01,4571.0
Retiro,2019-09-01,4534.0
Retiro,2019-10-01,4584.0
Retiro,2019-11-01,4583.0
Retiro,2019-12-01,4538.0
Retiro,2020-01-01,4599.0
Retiro,2020-02-01,4577.0
Retiro,2020-03-01,4557.0
Retiro,2020-04-01,4559.0
Retiro,2020-05-01,4586.0
Retiro,2020-06-01,4511.0
Retiro,2020-07-01,4475.0
Retiro,2020-08-01,4475.0
Retiro,2020-09-01,4504.0
Retiro,2020-10-01,4469.0
Retiro,2020-11-01,4490.0
Retiro,2020-12-01,4495.0
Retiro,2021-01-01,4497.0
Retiro,2021-02-01,4544.0
Retiro,2021-03-01,4550.0
Retiro,2021-04-01,4551.0
Retiro,2021-05-01,4619.0
Retiro,2021-06-01,4652.0
Retiro,2021-07-01,4660.0
Retiro,2021-08-01,4669.0
Retiro,2021-09-01,4705.0
Retiro,2021-10-01,4711.0
Retiro,2021-11-01,4709.0
Retiro,2021-12-01,4657.0
Retiro,2022-01-01,4644.0
Retiro,2022-02-01,4731.0
Retiro,2022-03-01,4810.0
Retiro,2022-04-01,4865.0
Retiro,2022-05-01,4929.0
Retiro,2022-06-01,4881.0
Retiro,2022-07-01,4923.0
Retiro,2022-08-01,4868.0
Retiro,2022-09-01,4945.0
Retiro,2022-10-01,4998.0
Retiro,2022-11-01,5001.0
Retiro,2022-12-01,5004.0
Retiro,2023-01-01,5000.0
Retiro,2023-02-01,4970.0
Retiro,2023-03-01,4936.0
Retiro,2023-04-01,4908.0
Retiro,2023-05-01,4998.0
Retiro,2023-06-01,5061.0
Retiro,2023-07-01,5002.0
Retiro,2023-08-01,5065.0
Retiro,2023-09-01,5118.0
Retiro,2023-10-01,5113.0
Retiro,2023-11-01,5095.0
Retiro,2023-12-01,5174.0
Retiro,2024-01-01,5206.0
Retiro,2024-02-01,5329.0
Retiro,2024-03-01,5447.0
Retiro,2024-04-01,5463.0
Retiro,2024-05-01,5410.0
Retiro,2024-06-01,5549.0
Retiro,2024-07-01,5780.0
Retiro,2024-08-01,5900.0
Retiro,2024-09-01,6019.0
Retiro,2024-10-01,6085.0
Retiro,2024-11-01,6333.0
Retiro,2024-12-01,6549.0
Retiro,2025-01-01,6708.0
Retiro,2025-02-01,6861.0
Retiro,2025-03-01,7014.0
Retiro,2025-04-01,7208.0
Retiro,2025-05-01,7286.0
Retiro,2025-06-01,7295.0
Retiro,2025-07-01,7486.0
Retiro,2025-08-01,7770.0
Retiro,2025-09-01,7822.0
Retiro,2025-10-01,7729.0
Retiro,2025-11-01,7758.0
Retiro,2025-12-01,7714.0
Retiro,2026-01-01,7691.0
Retiro,2026-02-01,7816.0
Retiro,2026-03-01,7752.0
Retiro,2026-04-01,7758.0
Retiro,2026-05-01,7759.0
Retiro,2026-06-01,7655.0
Salamanca,2007-11-01,4906.0
Salamanca,2007-12-01,4701.0
Salamanca,2008-01-01,4792.0
Salamanca,2008-02-01,4701.0
Salamanca,2008-03-01,4906.0
Salamanca,2008-04-01,4706.0
Salamanca,2008-05-01,4643.0
Salamanca,2008-06-01,4845.0
Salamanca,2008-07-01,4845.0
Salamanca,2008-08-01,4910.0
Salamanca,2008-09-01,4806.0
Salamanca,2008-10-01,4894.0
Salamanca,2008-11-01,4806.0
Salamanca,2008-12-01,4803.0
Salamanca,2009-01-01,4861.0
Salamanca,2009-02-01,4903.0
Salamanca,2009-03-01,4996.0
Salamanca,2009-04-01,5018.0
Salamanca,2009-05-01,4918.0
Salamanca,2009-06-01,4884.0
Salamanca,2009-07-01,4718.0
Salamanca,2009-08-01,4708.0
Salamanca,2009-09-01,4738.0
Salamanca,2009-10-01,4786.0
Salamanca,2009-11-01,4781.0
Salamanca,2009-12-01,4725.0
Salamanca,2010-01-01,4714.0
Salamanca,2010-02-01,4706.0
Salamanca,2010-03-01,4704.0
Salamanca,2010-04-01,4686.0
Salamanca,2010-05-01,4728.0
Salamanca,2010-06-01,4735.0
Salamanca,2010-07-01,4751.0
Salamanca,2010-08-01,4744.0
Salamanca,2010-09-01,4709.0
Salamanca,2010-10-01,4669.0
Salamanca,2010-11-01,4723.0
Salamanca,2010-12-01,4654.0
Salamanca,2011-01-01,4654.0
Salamanca,2011-02-01,4634.0
Salamanca,2011-03-01,4641.0
Salamanca,2011-04-01,4622.0
Salamanca,2011-05-01,4598.0
Salamanca,2011-06-01,4598.0
Salamanca,2011-07-01,4594.0
Salamanca,2011-08-01,4496.0
Salamanca,2011-09-01,4449.0
Salamanca,2011-10-01,4449.0
Salamanca,2011-11-01,4470.0
Salamanca,2011-12-01,4432.0
Salamanca,2012-01-01,4416.0
Salamanca,2012-02-01,4389.0
Salamanca,2012-03-01,4359.0
Salamanca,2012-04-01,4315.0
Salamanca,2012-05-01,4208.0
Salamanca,2012-06-01,4180.0
Salamanca,2012-07-01,4189.0
Salamanca,2012-08-01,4178.0
Salamanca,2012-09-01,4154.0
Salamanca,2012-10-01,4150.0
Salamanca,2012-11-01,4159.0
Salamanca,2012-12-01,4175.0
Salamanca,2013-01-01,4168.0
Salamanca,2013-02-01,4171.0
Salamanca,2013-03-01,4146.0
Salamanca,2013-04-01,4119.0
Salamanca,2013-05-01,4088.0
Salamanca,2013-06-01,4062.0
Salamanca,2013-07-01,4035.0
Salamanca,2013-08-01,3994.0
Salamanca,2013-09-01,4022.0
Salamanca,2013-10-01,3991.0
Salamanca,2013-11-01,4029.0
Salamanca,2013-12-01,4036.0
Salamanca,2014-01-01,4059.0
Salamanca,2014-02-01,4040.0
Salamanca,2014-03-01,4061.0
Salamanca,2014-04-01,4052.0
Salamanca,2014-05-01,4024.0
Salamanca,2014-06-01,4063.0
Salamanca,2014-07-01,4078.0
Salamanca,2014-08-01,4077.0
Salamanca,2014-09-01,4126.0
Salamanca,2014-10-01,4123.0
Salamanca,2014-11-01,4133.0
Salamanca,2014-12-01,4131.0
Salamanca,2015-01-01,4132.0
Salamanca,2015-02-01,4105.0
Salamanca,2015-03-01,4113.0
Salamanca,2015-04-01,4178.0
Salamanca,2015-05-01,4199.0
Salamanca,2015-06-01,4213.0
Salamanca,2015-07-01,4200.0
Salamanca,2015-08-01,4288.0
Salamanca,2015-09-01,4277.0
Salamanca,2015-10-01,4299.0
Salamanca,2015-11-01,4327.0
Salamanca,2015-12-01,4335.0
Salamanca,2016-01-01,4319.0
Salamanca,2016-02-01,4322.0
Salamanca,2016-03-01,4300.0
Salamanca,2016-04-01,4302.0
Salamanca,2016-05-01,4287.0
Salamanca,2016-06-01,4318.0
Salamanca,2016-07-01,4322.0
Salamanca,2016-08-01,4337.0
Salamanca,2016-09-01,4381.0
Salamanca,2016-10-01,4394.0
Salamanca,2016-11-01,4409.0
Salamanca,2016-12-01,4509.0
Salamanca,2017-01-01,4547.0
Salamanca,2017-02-01,4589.0
Salamanca,2017-03-01,4561.0
Salamanca,2017-04-01,4559.0
Salamanca,2017-05-01,4616.0
Salamanca,2017-06-01,4713.0
Salamanca,2017-07-01,4822.0
Salamanca,2017-08-01,4872.0
Salamanca,2017-09-01,4883.0
Salamanca,2017-10-01,4915.0
Salamanca,2017-11-01,4974.0
Salamanca,2017-12-01,5098.0
Salamanca,2018-01-01,5163.0
Salamanca,2018-02-01,5236.0
Salamanca,2018-03-01,5309.0
Salamanca,2018-04-01,5348.0
Salamanca,2018-05-01,5388.0
Salamanca,2018-06-01,5459.0
Salamanca,2018-07-01,5570.0
Salamanca,2018-08-01,5620.0
Salamanca,2018-09-01,5589.0
Salamanca,2018-10-01,5654.0
Salamanca,2018-11-01,5704.0
Salamanca,2018-12-01,5684.0
Salamanca,2019-01-01,5697.0
Salamanca,2019-02-01,5749.0
Salamanca,2019-03-01,5742.0
Salamanca,2019-04-01,5800.0
Salamanca,2019-05-01,5805.0
Salamanca,2019-06-01,5817.0
Salamanca,2019-07-01,5781.0
Salamanca,2019-08-01,5770.0
Salamanca,2019-09-01,5760.0
Salamanca,2019-10-01,5776.0
Salamanca,2019-11-01,5756.0
Salamanca,2019-12-01,5757.0
Salamanca,2020-01-01,5775.0
Salamanca,2020-02-01,5750.0
Salamanca,2020-03-01,5779.0
Salamanca,2020-04-01,5787.0
Salamanca,2020-05-01,5816.0
Salamanca,2020-06-01,5816.0
Salamanca,2020-07-01,5763.0
Salamanca,2020-08-01,5694.0
Salamanca,2020-09-01,5690.0
Salamanca,2020-10-01,5722.0
Salamanca,2020-11-01,5671.0
Salamanca,2020-12-01,5634.0
Salamanca,2021-01-01,5637.0
Salamanca,2021-02-01,5687.0
Salamanca,2021-03-01,5743.0
Salamanca,2021-04-01,5744.0
Salamanca,2021-05-01,5781.0
Salamanca,2021-06-01,5855.0
Salamanca,2021-07-01,5937.0
Salamanca,2021-08-01,5924.0
Salamanca,2021-09-01,5952.0
Salamanca,2021-10-01,5936.0
Salamanca,2021-11-01,5915.0
Salamanca,2021-12-01,5941.0
Salamanca,2022-01-01,5990.0
Salamanca,2022-02-01,6052.0
Salamanca,2022-03-01,6153.0
Salamanca,2022-04-01,6268.0
Salamanca,2022-05-01,6354.0
Salamanca,2022-06-01,6413.0
Salamanca,2022-07-01,6434.0
Salamanca,2022-08-01,6449.0
Salamanca,2022-09-01,6469.0
Salamanca,2022-10-01,6470.0
Salamanca,2022-11-01,6457.0
Salamanca,2022-12-01,6422.0
Salamanca,2023-01-01,6408.0
Salamanca,2023-02-01,6426.0
Salamanca,2023-03-01,6487.0
Salamanca,2023-04-01,6489.0
Salamanca,2023-05-01,6532.0
Salamanca,2023-06-01,6627.0
Salamanca,2023-07-01,6654.0
Salamanca,2023-08-01,6729.0
Salamanca,2023-09-01,6738.0
Salamanca,2023-10-01,6824.0
Salamanca,2023-11-01,6924.0
Salamanca,2023-12-01,7044.0
Salamanca,2024-01-01,7186.0
Salamanca,2024-02-01,7253.0
Salamanca,2024-03-01,7374.0
Salamanca,2024-04-01,7618.0
Salamanca,2024-05-01,7671.0
Salamanca,2024-06-01,7846.0
Salamanca,2024-07-01,7990.0
Salamanca,2024-08-01,8057.0
Salamanca,2024-09-01,8292.0
Salamanca,2024-10-01,8458.0
Salamanca,2024-11-01,8642.0
Salamanca,2024-12-01,8818.0
Salamanca,2025-01-01,8993.0
Salamanca,2025-02-01,9067.0
Salamanca,2025-03-01,9374.0
Salamanca,2025-04-01,9589.0
Salamanca,2025-05-01,9687.0
Salamanca,2025-06-01,9818.0
Salamanca,2025-07-01,9926.0
Salamanca,2025-08-01,9868.0
Salamanca,2025-09-01,9706.0
Salamanca,2025-10-01,9755.0
Salamanca,2025-11-01,9950.0
Salamanca,2025-12-01,9993.0
Salamanca,2026-01-01,9968.0
Salamanca,2026-02-01,10001.0
Salamanca,2026-03-01,10179.0
Salamanca,2026-04-01,10189.0
Salamanca,2026-05-01,10099.0
Salamanca,2026-06-01,9988.0
San Blas,2007-08-01,3418.0
San Blas,2007-09-01,3376.0
San Blas,2007-10-01,3578.0
San Blas,2007-11-01,3656.0
San Blas,2007-12-01,3533.0
San Blas,2008-01-01,3310.0
San Blas,2008-02-01,3323.0
San Blas,2008-03-01,3243.0
San Blas,2008-04-01,3302.0
San Blas,2008-05-01,3199.0
San Blas,2008-06-01,3205.0
San Blas,2008-07-01,3212.0
San Blas,2008-08-01,3167.0
San Blas,2008-09-01,3214.0
San Blas,2008-10-01,3172.0
San Blas,2008-11-01,3122.0
San Blas,2008-12-01,3086.0
San Blas,2009-01-01,3106.0
San Blas,2009-02-01,3174.0
San Blas,2009-03-01,3140.0
San Blas,2009-04-01,3147.0
San Blas,2009-05-01,3168.0
San Blas,2009-06-01,3148.0
San Blas,2009-07-01,3126.0
San Blas,2009-08-01,3067.0
San Blas,2009-09-01,3068.0
San Blas,2009-10-01,3082.0
San Blas,2009-11-01,3018.0
San Blas,2009-12-01,2921.0
San Blas,2010-01-01,2903.0
San Blas,2010-02-01,2914.0
San Blas,2010-03-01,2956.0
San Blas,2010-04-01,2948.0
San Blas,2010-05-01,2926.0
San Blas,2010-06-01,2906.0
San Blas,2010-07-01,2899.0
San Blas,2010-08-01,2870.0
San Blas,2010-09-01,2857.0
San Blas,2010-10-01,2881.0
San Blas,2010-11-01,2895.0
San Blas,2010-12-01,2891.0
San Blas,2011-01-01,2873.0
San Blas,2011-02-01,2848.0
San Blas,2011-03-01,2817.0
San Blas,2011-04-01,2816.0
San Blas,2011-05-01,2776.0
San Blas,2011-06-01,2762.0
San Blas,2011-07-01,2727.0
San Blas,2011-08-01,2691.0
San Blas,2011-09-01,2675.0
San Blas,2011-10-01,2670.0
San Blas,2011-11-01,2623.0
San Blas,2011-12-01,2600.0
San Blas,2012-01-01,2605.0
San Blas,2012-02-01,2587.0
San Blas,2012-03-01,2560.0
San Blas,2012-04-01,2505.0
San Blas,2012-05-01,2507.0
San Blas,2012-06-01,2506.0
San Blas,2012-07-01,2412.0
San Blas,2012-08-01,2410.0
San Blas,2012-09-01,2388.0
San Blas,2012-10-01,2319.0
San Blas,2012-11-01,2258.0
San Blas,2012-12-01,2221.0
San Blas,2013-01-01,2203.0
San Blas,2013-02-01,2169.0
San Blas,2013-03-01,2185.0
San Blas,2013-04-01,2166.0
San Blas,2013-05-01,2192.0
San Blas,2013-06-01,2173.0
San Blas,2013-07-01,2151.0
San Blas,2013-08-01,2136.0
San Blas,2013-09-01,2140.0
San Blas,2013-10-01,2126.0
San Blas,2013-11-01,2112.0
San Blas,2013-12-01,2159.0
San Blas,2014-01-01,2188.0
San Blas,2014-02-01,2180.0
San Blas,2014-03-01,2123.0
San Blas,2014-04-01,2079.0
San Blas,2014-05-01,2098.0
San Blas,2014-06-01,2102.0
San Blas,2014-07-01,2091.0
San Blas,2014-08-01,2082.0
San Blas,2014-09-01,2090.0
San Blas,2014-10-01,2097.0
San Blas,2014-11-01,2100.0
San Blas,2014-12-01,2112.0
San Blas,2015-01-01,2118.0
San Blas,2015-02-01,2119.0
San Blas,2015-03-01,2124.0
San Blas,2015-04-01,2139.0
San Blas,2015-05-01,2112.0
San Blas,2015-06-01,2125.0
San Blas,2015-07-01,2077.0
San Blas,2015-08-01,2079.0
San Blas,2015-09-01,2091.0
San Blas,2015-10-01,2129.0
San Blas,2015-11-01,2073.0
San Blas,2015-12-01,2040.0
San Blas,2016-01-01,2072.0
San Blas,2016-02-01,2085.0
San Blas,2016-03-01,2088.0
San Blas,2016-04-01,2089.0
San Blas,2016-05-01,2124.0
San Blas,2016-06-01,2131.0
San Blas,2016-07-01,2134.0
San Blas,2016-08-01,2140.0
San Blas,2016-09-01,2147.0
San Blas,2016-10-01,2144.0
San Blas,2016-11-01,2107.0
San Blas,2016-12-01,2121.0
San Blas,2017-01-01,2147.0
San Blas,2017-02-01,2151.0
San Blas,2017-03-01,2174.0
San Blas,2017-04-01,2187.0
San Blas,2017-05-01,2211.0
San Blas,2017-06-01,2242.0
San Blas,2017-07-01,2347.0
San Blas,2017-08-01,2356.0
San Blas,2017-09-01,2392.0
San Blas,2017-10-01,2424.0
San Blas,2017-11-01,2465.0
San Blas,2017-12-01,2452.0
San Blas,2018-01-01,2481.0
San Blas,2018-02-01,2494.0
San Blas,2018-03-01,2476.0
San Blas,2018-04-01,2523.0
San Blas,2018-05-01,2535.0
San Blas,2018-06-01,2513.0
San Blas,2018-07-01,2522.0
San Blas,2018-08-01,2537.0
San Blas,2018-09-01,2588.0
San Blas,2018-10-01,2559.0
San Blas,2018-11-01,2522.0
San Blas,2018-12-01,2506.0
San Blas,2019-01-01,2521.0
San Blas,2019-02-01,2523.0
San Blas,2019-03-01,2563.0
San Blas,2019-04-01,2578.0
San Blas,2019-05-01,2558.0
San Blas,2019-06-01,2563.0
San Blas,2019-07-01,2549.0
San Blas,2019-08-01,2541.0
San Blas,2019-09-01,2551.0
San Blas,2019-10-01,2559.0
San Blas,2019-11-01,2551.0
San Blas,2019-12-01,2513.0
San Blas,2020-01-01,2515.0
San Blas,2020-02-01,2505.0
San Blas,2020-03-01,2524.0
San Blas,2020-04-01,2544.0
San Blas,2020-05-01,2563.0
San Blas,2020-06-01,2539.0
San Blas,2020-07-01,2551.0
San Blas,2020-08-01,2554.0
San Blas,2020-09-01,2575.0
San Blas,2020-10-01,2559.0
San Blas,2020-11-01,2597.0
San Blas,2020-12-01,2596.0
San Blas,2021-01-01,2537.0
San Blas,2021-02-01,2586.0
San Blas,2021-03-01,2604.0
San Blas,2021-04-01,2560.0
San Blas,2021-05-01,2520.0
San Blas,2021-06-01,2546.0
San Blas,2021-07-01,2591.0
San Blas,2021-08-01,2565.0
San Blas,2021-09-01,2586.0
San Blas,2021-10-01,2566.0
San Blas,2021-11-01,2572.0
San Blas,2021-12-01,2605.0
San Blas,2022-01-01,2594.0
San Blas,2022-02-01,2581.0
San Blas,2022-03-01,2604.0
San Blas,2022-04-01,2599.0
San Blas,2022-05-01,2616.0
San Blas,2022-06-01,2642.0
San Blas,2022-07-01,2671.0
San Blas,2022-08-01,2714.0
San Blas,2022-09-01,2780.0
San Blas,2022-10-01,2789.0
San Blas,2022-11-01,2794.0
San Blas,2022-12-01,2783.0
San Blas,2023-01-01,2775.0
San Blas,2023-02-01,2778.0
San Blas,2023-03-01,2776.0
San Blas,2023-04-01,2792.0
San Blas,2023-05-01,2758.0
San Blas,2023-06-01,2778.0
San Blas,2023-07-01,2787.0
San Blas,2023-08-01,2788.0
San Blas,2023-09-01,2804.0
San Blas,2023-10-01,2792.0
San Blas,2023-11-01,2805.0
San Blas,2023-12-01,2852.0
San Blas,2024-01-01,2888.0
San Blas,2024-02-01,2858.0
San Blas,2024-03-01,2863.0
San Blas,2024-04-01,2935.0
San Blas,2024-05-01,2947.0
San Blas,2024-06-01,2996.0
San Blas,2024-07-01,3027.0
San Blas,2024-08-01,3076.0
San Blas,2024-09-01,3025.0
San Blas,2024-10-01,3123.0
San Blas,2024-11-01,3194.0
San Blas,2024-12-01,3280.0
San Blas,2025-01-01,3247.0
San Blas,2025-02-01,3288.0
San Blas,2025-03-01,3362.0
San Blas,2025-04-01,3445.0
San Blas,2025-05-01,3513.0
San Blas,2025-06-01,3611.0
San Blas,2025-07-01,3717.0
San Blas,2025-08-01,3719.0
San Blas,2025-09-01,3709.0
San Blas,2025-10-01,3792.0
San Blas,2025-11-01,3918.0
San Blas,2025-12-01,3925.0
San Blas,2026-01-01,3905.0
San Blas,2026-02-01,3900.0
San Blas,2026-03-01,3959.0
San Blas,2026-04-01,4051.0
San Blas,2026-05-01,4041.0
San Blas,2026-06-01,4030.0
Tetuán,2007-05-01,3796.0
Tetuán,2007-06-01,3857.0
Tetuán,2007-07-01,3785.0
Tetuán,2007-08-01,3700.0
Tetuán,2007-09-01,3558.0
Tetuán,2007-10-01,3639.0
Tetuán,2007-11-01,3774.0
Tetuán,2007-12-01,3857.0
Tetuán,2008-01-01,3792.0
Tetuán,2008-02-01,3833.0
Tetuán,2008-03-01,3833.0
Tetuán,2008-04-01,3760.0
Tetuán,2008-05-01,3702.0
Tetuán,2008-06-01,3708.0
Tetuán,2008-07-01,3680.0
Tetuán,2008-08-01,3621.0
Tetuán,2008-09-01,3577.0
Tetuán,2008-10-01,3608.0
Tetuán,2008-11-01,3602.0
Tetuán,2008-12-01,3545.0
Tetuán,2009-01-01,3468.0
Tetuán,2009-02-01,3547.0
Tetuán,2009-03-01,3539.0
Tetuán,2009-04-01,3507.0
Tetuán,2009-05-01,3489.0
Tetuán,2009-06-01,3571.0
Tetuán,2009-07-01,3586.0
Tetuán,2009-08-01,3529.0
Tetuán,2009-09-01,3536.0
Tetuán,2009-10-01,3502.0
Tetuán,2009-11-01,3497.0
Tetuán,2009-12-01,3488.0
Tetuán,2010-01-01,3497.0
Tetuán,2010-02-01,3497.0
Tetuán,2010-03-01,3473.0
Tetuán,2010-04-01,3470.0
Tetuán,2010-05-01,3472.0
Tetuán,2010-06-01,3506.0
Tetuán,2010-07-01,3467.0
Tetuán,2010-08-01,3456.0
Tetuán,2010-09-01,3446.0
Tetuán,2010-10-01,3427.0
Tetuán,2010-11-01,3424.0
Tetuán,2010-12-01,3398.0
Tetuán,2011-01-01,3391.0
Tetuán,2011-02-01,3395.0
Tetuán,2011-03-01,3400.0
Tetuán,2011-04-01,3356.0
Tetuán,2011-05-01,3356.0
Tetuán,2011-06-01,3330.0
Tetuán,2011-07-01,3289.0
Tetuán,2011-08-01,3244.0
Tetuán,2011-09-01,3227.0
Tetuán,2011-10-01,3225.0
Tetuán,2011-11-01,3212.0
Tetuán,2011-12-01,3158.0
Tetuán,2012-01-01,3159.0
Tetuán,2012-02-01,3131.0
Tetuán,2012-03-01,3094.0
Tetuán,2012-04-01,3066.0
Tetuán,2012-05-01,3031.0
Tetuán,2012-06-01,2996.0
Tetuán,2012-07-01,2953.0
Tetuán,2012-08-01,2917.0
Tetuán,2012-09-01,2940.0
Tetuán,2012-10-01,2933.0
Tetuán,2012-11-01,2859.0
Tetuán,2012-12-01,2809.0
Tetuán,2013-01-01,2784.0
Tetuán,2013-02-01,2773.0
Tetuán,2013-03-01,2779.0
Tetuán,2013-04-01,2755.0
Tetuán,2013-05-01,2720.0
Tetuán,2013-06-01,2697.0
Tetuán,2013-07-01,2703.0
Tetuán,2013-08-01,2668.0
Tetuán,2013-09-01,2705.0
Tetuán,2013-10-01,2690.0
Tetuán,2013-11-01,2674.0
Tetuán,2013-12-01,2648.0
Tetuán,2014-01-01,2623.0
Tetuán,2014-02-01,2603.0
Tetuán,2014-03-01,2631.0
Tetuán,2014-04-01,2589.0
Tetuán,2014-05-01,2609.0
Tetuán,2014-06-01,2603.0
Tetuán,2014-07-01,2603.0
Tetuán,2014-08-01,2583.0
Tetuán,2014-09-01,2601.0
Tetuán,2014-10-01,2595.0
Tetuán,2014-11-01,2602.0
Tetuán,2014-12-01,2599.0
Tetuán,2015-01-01,2613.0
Tetuán,2015-02-01,2588.0
Tetuán,2015-03-01,2573.0
Tetuán,2015-04-01,2583.0
Tetuán,2015-05-01,2587.0
Tetuán,2015-06-01,2598.0
Tetuán,2015-07-01,2614.0
Tetuán,2015-08-01,2615.0
Tetuán,2015-09-01,2620.0
Tetuán,2015-10-01,2617.0
Tetuán,2015-11-01,2629.0
Tetuán,2015-12-01,2621.0
Tetuán,2016-01-01,2638.0
Tetuán,2016-02-01,2621.0
Tetuán,2016-03-01,2624.0
Tetuán,2016-04-01,2641.0
Tetuán,2016-05-01,2673.0
Tetuán,2016-06-01,2695.0
Tetuán,2016-07-01,2707.0
Tetuán,2016-08-01,2735.0
Tetuán,2016-09-01,2738.0
Tetuán,2016-10-01,2745.0
Tetuán,2016-11-01,2763.0
Tetuán,2016-12-01,2776.0
Tetuán,2017-01-01,2813.0
Tetuán,2017-02-01,2823.0
Tetuán,2017-03-01,2836.0
Tetuán,2017-04-01,2861.0
Tetuán,2017-05-01,2911.0
Tetuán,2017-06-01,2925.0
Tetuán,2017-07-01,2970.0
Tetuán,2017-08-01,2984.0
Tetuán,2017-09-01,3007.0
Tetuán,2017-10-01,3109.0
Tetuán,2017-11-01,3099.0
Tetuán,2017-12-01,3096.0
Tetuán,2018-01-01,3133.0
Tetuán,2018-02-01,3209.0
Tetuán,2018-03-01,3287.0
Tetuán,2018-04-01,3341.0
Tetuán,2018-05-01,3408.0
Tetuán,2018-06-01,3446.0
Tetuán,2018-07-01,3457.0
Tetuán,2018-08-01,3532.0
Tetuán,2018-09-01,3572.0
Tetuán,2018-10-01,3627.0
Tetuán,2018-11-01,3651.0
Tetuán,2018-12-01,3612.0
Tetuán,2019-01-01,3637.0
Tetuán,2019-02-01,3682.0
Tetuán,2019-03-01,3723.0
Tetuán,2019-04-01,3720.0
Tetuán,2019-05-01,3698.0
Tetuán,2019-06-01,3707.0
Tetuán,2019-07-01,3681.0
Tetuán,2019-08-01,3685.0
Tetuán,2019-09-01,3682.0
Tetuán,2019-10-01,3703.0
Tetuán,2019-11-01,3686.0
Tetuán,2019-12-01,3674.0
Tetuán,2020-01-01,3631.0
Tetuán,2020-02-01,3685.0
Tetuán,2020-03-01,3692.0
Tetuán,2020-04-01,3702.0
Tetuán,2020-05-01,3706.0
Tetuán,2020-06-01,3736.0
Tetuán,2020-07-01,3709.0
Tetuán,2020-08-01,3687.0
Tetuán,2020-09-01,3684.0
Tetuán,2020-10-01,3662.0
Tetuán,2020-11-01,3678.0
Tetuán,2020-12-01,3660.0
Tetuán,2021-01-01,3672.0
Tetuán,2021-02-01,3679.0
Tetuán,2021-03-01,3678.0
Tetuán,2021-04-01,3656.0
Tetuán,2021-05-01,3640.0
Tetuán,2021-06-01,3665.0
Tetuán,2021-07-01,3660.0
Tetuán,2021-08-01,3647.0
Tetuán,2021-09-01,3661.0
Tetuán,2021-10-01,3664.0
Tetuán,2021-11-01,3657.0
Tetuán,2021-12-01,3666.0
Tetuán,2022-01-01,3670.0
Tetuán,2022-02-01,3690.0
Tetuán,2022-03-01,3747.0
Tetuán,2022-04-01,3798.0
Tetuán,2022-05-01,3791.0
Tetuán,2022-06-01,3833.0
Tetuán,2022-07-01,3889.0
Tetuán,2022-08-01,3918.0
Tetuán,2022-09-01,3909.0
Tetuán,2022-10-01,3914.0
Tetuán,2022-11-01,3984.0
Tetuán,2022-12-01,3999.0
Tetuán,2023-01-01,4000.0
Tetuán,2023-02-01,4030.0
Tetuán,2023-03-01,4041.0
Tetuán,2023-04-01,4068.0
Tetuán,2023-05-01,4094.0
Tetuán,2023-06-01,4110.0
Tetuán,2023-07-01,4088.0
Tetuán,2023-08-01,4125.0
Tetuán,2023-09-01,4110.0
Tetuán,2023-10-01,4131.0
Tetuán,2023-11-01,4145.0
Tetuán,2023-12-01,4175.0
Tetuán,2024-01-01,4165.0
Tetuán,2024-02-01,4260.0
Tetuán,2024-03-01,4344.0
Tetuán,2024-04-01,4461.0
Tetuán,2024-05-01,4491.0
Tetuán,2024-06-01,4536.0
Tetuán,2024-07-01,4600.0
Tetuán,2024-08-01,4642.0
Tetuán,2024-09-01,4671.0
Tetuán,2024-10-01,4818.0
Tetuán,2024-11-01,4950.0
Tetuán,2024-12-01,4996.0
Tetuán,2025-01-01,4988.0
Tetuán,2025-02-01,4984.0
Tetuán,2025-03-01,5162.0
Tetuán,2025-04-01,5306.0
Tetuán,2025-05-01,5336.0
Tetuán,2025-06-01,5430.0
Tetuán,2025-07-01,5471.0
Tetuán,2025-08-01,5539.0
Tetuán,2025-09-01,5643.0
Tetuán,2025-10-01,5675.0
Tetuán,2025-11-01,5671.0
Tetuán,2025-12-01,5736.0
Tetuán,2026-01-01,5859.0
Tetuán,2026-02-01,5924.0
Tetuán,2026-03-01,5980.0
Tetuán,2026-04-01,6034.0
Tetuán,2026-05-01,6108.0
Tetuán,2026-06-01,6147.0
Usera,2007-10-01,3127.0
Usera,2007-11-01,3127.0
Usera,2007-12-01,2851.0
Usera,2008-01-01,2941.0
Usera,2008-02-01,2793.0
Usera,2008-03-01,2895.0
Usera,2008-04-01,2842.0
Usera,2008-05-01,2823.0
Usera,2008-06-01,2803.0
Usera,2008-07-01,2831.0
Usera,2008-08-01,2831.0
Usera,2008-09-01,2714.0
Usera,2008-10-01,2791.0
Usera,2008-11-01,2802.0
Usera,2008-12-01,2738.0
Usera,2009-01-01,2717.0
Usera,2009-02-01,2638.0
Usera,2009-03-01,2639.0
Usera,2009-04-01,2675.0
Usera,2009-05-01,2640.0
Usera,2009-06-01,2593.0
Usera,2009-07-01,2558.0
Usera,2009-08-01,2514.0
Usera,2009-09-01,2522.0
Usera,2009-10-01,2522.0
Usera,2009-11-01,2523.0
Usera,2009-12-01,2514.0
Usera,2010-01-01,2480.0
Usera,2010-02-01,2504.0
Usera,2010-03-01,2430.0
Usera,2010-04-01,2406.0
Usera,2010-05-01,2419.0
Usera,2010-06-01,2443.0
Usera,2010-07-01,2459.0
Usera,2010-08-01,2381.0
Usera,2010-09-01,2373.0
Usera,2010-10-01,2387.0
Usera,2010-11-01,2416.0
Usera,2010-12-01,2406.0
Usera,2011-01-01,2375.0
Usera,2011-02-01,2331.0
Usera,2011-03-01,2333.0
Usera,2011-04-01,2308.0
Usera,2011-05-01,2297.0
Usera,2011-06-01,2253.0
Usera,2011-07-01,2234.0
Usera,2011-08-01,2186.0
Usera,2011-09-01,2246.0
Usera,2011-10-01,2175.0
Usera,2011-11-01,2134.0
Usera,2011-12-01,2106.0
Usera,2012-01-01,2090.0
Usera,2012-02-01,2057.0
Usera,2012-03-01,2053.0
Usera,2012-04-01,2015.0
Usera,2012-05-01,1998.0
Usera,2012-06-01,1972.0
Usera,2012-07-01,1908.0
Usera,2012-08-01,1864.0
Usera,2012-09-01,1859.0
Usera,2012-10-01,1849.0
Usera,2012-11-01,1832.0
Usera,2012-12-01,1810.0
Usera,2013-01-01,1777.0
Usera,2013-02-01,1739.0
Usera,2013-03-01,1745.0
Usera,2013-04-01,1751.0
Usera,2013-05-01,1745.0
Usera,2013-06-01,1717.0
Usera,2013-07-01,1712.0
Usera,2013-08-01,1668.0
Usera,2013-09-01,1668.0
Usera,2013-10-01,1661.0
Usera,2013-11-01,1642.0
Usera,2013-12-01,1622.0
Usera,2014-01-01,1623.0
Usera,2014-02-01,1622.0
Usera,2014-03-01,1590.0
Usera,2014-04-01,1550.0
Usera,2014-05-01,1548.0
Usera,2014-06-01,1521.0
Usera,2014-07-01,1479.0
Usera,2014-08-01,1459.0
Usera,2014-09-01,1461.0
Usera,2014-10-01,1473.0
Usera,2014-11-01,1456.0
Usera,2014-12-01,1470.0
Usera,2015-01-01,1473.0
Usera,2015-02-01,1493.0
Usera,2015-03-01,1498.0
Usera,2015-04-01,1498.0
Usera,2015-05-01,1530.0
Usera,2015-06-01,1542.0
Usera,2015-07-01,1518.0
Usera,2015-08-01,1503.0
Usera,2015-09-01,1534.0
Usera,2015-10-01,1543.0
Usera,2015-11-01,1525.0
Usera,2015-12-01,1496.0
Usera,2016-01-01,1479.0
Usera,2016-02-01,1484.0
Usera,2016-03-01,1492.0
Usera,2016-04-01,1497.0
Usera,2016-05-01,1512.0
Usera,2016-06-01,1524.0
Usera,2016-07-01,1510.0
Usera,2016-08-01,1502.0
Usera,2016-09-01,1502.0
Usera,2016-10-01,1524.0
Usera,2016-11-01,1502.0
Usera,2016-12-01,1523.0
Usera,2017-01-01,1528.0
Usera,2017-02-01,1516.0
Usera,2017-03-01,1505.0
Usera,2017-04-01,1522.0
Usera,2017-05-01,1574.0
Usera,2017-06-01,1576.0
Usera,2017-07-01,1619.0
Usera,2017-08-01,1638.0
Usera,2017-09-01,1666.0
Usera,2017-10-01,1701.0
Usera,2017-11-01,1682.0
Usera,2017-12-01,1686.0
Usera,2018-01-01,1701.0
Usera,2018-02-01,1734.0
Usera,2018-03-01,1760.0
Usera,2018-04-01,1802.0
Usera,2018-05-01,1832.0
Usera,2018-06-01,1876.0
Usera,2018-07-01,1895.0
Usera,2018-08-01,1914.0
Usera,2018-09-01,1969.0
Usera,2018-10-01,1969.0
Usera,2018-11-01,1967.0
Usera,2018-12-01,1971.0
Usera,2019-01-01,1989.0
Usera,2019-02-01,2040.0
Usera,2019-03-01,2046.0
Usera,2019-04-01,2025.0
Usera,2019-05-01,2042.0
Usera,2019-06-01,2069.0
Usera,2019-07-01,2043.0
Usera,2019-08-01,2059.0
Usera,2019-09-01,2041.0
Usera,2019-10-01,2046.0
Usera,2019-11-01,2045.0
Usera,2019-12-01,2046.0
Usera,2020-01-01,2050.0
Usera,2020-02-01,2063.0
Usera,2020-03-01,2063.0
Usera,2020-04-01,2067.0
Usera,2020-05-01,2076.0
Usera,2020-06-01,2076.0
Usera,2020-07-01,1997.0
Usera,2020-08-01,1955.0
Usera,2020-09-01,1982.0
Usera,2020-10-01,1972.0
Usera,2020-11-01,1958.0
Usera,2020-12-01,1956.0
Usera,2021-01-01,1948.0
Usera,2021-02-01,1931.0
Usera,2021-03-01,1936.0
Usera,2021-04-01,1966.0
Usera,2021-05-01,1984.0
Usera,2021-06-01,1997.0
Usera,2021-07-01,1994.0
Usera,2021-08-01,1986.0
Usera,2021-09-01,2004.0
Usera,2021-10-01,1989.0
Usera,2021-11-01,1997.0
Usera,2021-12-01,2025.0
Usera,2022-01-01,2037.0
Usera,2022-02-01,2031.0
Usera,2022-03-01,2049.0
Usera,2022-04-01,2086.0
Usera,2022-05-01,2110.0
Usera,2022-06-01,2133.0
Usera,2022-07-01,2119.0
Usera,2022-08-01,2139.0
Usera,2022-09-01,2144.0
Usera,2022-10-01,2153.0
Usera,2022-11-01,2191.0
Usera,2022-12-01,2198.0
Usera,2023-01-01,2195.0
Usera,2023-02-01,2186.0
Usera,2023-03-01,2231.0
Usera,2023-04-01,2250.0
Usera,2023-05-01,2246.0
Usera,2023-06-01,2276.0
Usera,2023-07-01,2260.0
Usera,2023-08-01,2290.0
Usera,2023-09-01,2255.0
Usera,2023-10-01,2272.0
Usera,2023-11-01,2280.0
Usera,2023-12-01,2294.0
Usera,2024-01-01,2311.0
Usera,2024-02-01,2335.0
Usera,2024-03-01,2368.0
Usera,2024-04-01,2390.0
Usera,2024-05-01,2465.0
Usera,2024-06-01,2497.0
Usera,2024-07-01,2558.0
Usera,2024-08-01,2591.0
Usera,2024-09-01,2609.0
Usera,2024-10-01,2688.0
Usera,2024-11-01,2719.0
Usera,2024-12-01,2755.0
Usera,2025-01-01,2762.0
Usera,2025-02-01,2817.0
Usera,2025-03-01,2880.0
Usera,2025-04-01,2966.0
Usera,2025-05-01,2998.0
Usera,2025-06-01,2997.0
Usera,2025-07-01,3077.0
Usera,2025-08-01,3129.0
Usera,2025-09-01,3177.0
Usera,2025-10-01,3213.0
Usera,2025-11-01,3269.0
Usera,2025-12-01,3331.0
Usera,2026-01-01,3348.0
Usera,2026-02-01,3385.0
Usera,2026-03-01,3523.0
Usera,2026-04-01,3609.0
Usera,2026-05-01,3635.0
Usera,2026-06-01,3603.0
Vicálvaro,2010-02-01,2628.0
Vicálvaro,2010-03-01,2658.0
Vicálvaro,2010-04-01,2633.0
Vicálvaro,2010-05-01,2638.0
Vicálvaro,2010-06-01,2599.0
Vicálvaro,2010-07-01,2602.0
Vicálvaro,2010-08-01,2510.0
Vicálvaro,2010-09-01,2618.0
Vicálvaro,2010-10-01,2618.0
Vicálvaro,2010-11-01,2668.0
Vicálvaro,2010-12-01,2599.0
Vicálvaro,2011-01-01,2553.0
Vicálvaro,2011-02-01,2546.0
Vicálvaro,2011-03-01,2544.0
Vicálvaro,2011-04-01,2485.0
Vicálvaro,2011-05-01,2473.0
Vicálvaro,2011-06-01,2437.0
Vicálvaro,2011-07-01,2421.0
Vicálvaro,2011-08-01,2420.0
Vicálvaro,2011-09-01,2415.0
Vicálvaro,2011-10-01,2416.0
Vicálvaro,2011-11-01,2380.0
Vicálvaro,2011-12-01,2346.0
Vicálvaro,2012-01-01,2349.0
Vicálvaro,2012-02-01,2345.0
Vicálvaro,2012-03-01,2351.0
Vicálvaro,2012-04-01,2313.0
Vicálvaro,2012-05-01,2285.0
Vicálvaro,2012-06-01,2195.0
Vicálvaro,2012-07-01,2162.0
Vicálvaro,2012-08-01,2117.0
Vicálvaro,2012-09-01,2088.0
Vicálvaro,2012-10-01,1993.0
Vicálvaro,2012-11-01,1944.0
Vicálvaro,2012-12-01,1915.0
Vicálvaro,2013-01-01,1938.0
Vicálvaro,2013-02-01,1915.0
Vicálvaro,2013-03-01,1939.0
Vicálvaro,2013-04-01,1949.0
Vicálvaro,2013-05-01,1962.0
Vicálvaro,2013-06-01,1928.0
Vicálvaro,2013-07-01,1935.0
Vicálvaro,2013-08-01,1876.0
Vicálvaro,2013-09-01,1844.0
Vicálvaro,2013-10-01,1838.0
Vicálvaro,2013-11-01,1834.0
Vicálvaro,2013-12-01,1839.0
Vicálvaro,2014-01-01,1833.0
Vicálvaro,2014-02-01,1825.0
Vicálvaro,2014-03-01,1778.0
Vicálvaro,2014-04-01,1765.0
Vicálvaro,2014-05-01,1717.0
Vicálvaro,2014-06-01,1784.0
Vicálvaro,2014-07-01,1752.0
Vicálvaro,2014-08-01,1716.0
Vicálvaro,2014-09-01,1655.0
Vicálvaro,2014-10-01,1651.0
Vicálvaro,2014-11-01,1640.0
Vicálvaro,2014-12-01,1636.0
Vicálvaro,2015-01-01,1625.0
Vicálvaro,2015-02-01,1648.0
Vicálvaro,2015-03-01,1651.0
Vicálvaro,2015-04-01,1702.0
Vicálvaro,2015-05-01,1633.0
Vicálvaro,2015-06-01,1638.0
Vicálvaro,2015-07-01,1651.0
Vicálvaro,2015-08-01,1671.0
Vicálvaro,2015-09-01,1700.0
Vicálvaro,2015-10-01,1691.0
Vicálvaro,2015-11-01,1681.0
Vicálvaro,2015-12-01,1653.0
Vicálvaro,2016-01-01,1679.0
Vicálvaro,2016-02-01,1680.0
Vicálvaro,2016-03-01,1694.0
Vicálvaro,2016-04-01,1668.0
Vicálvaro,2016-05-01,1660.0
Vicálvaro,2016-06-01,1663.0
Vicálvaro,2016-07-01,1658.0
Vicálvaro,2016-08-01,1663.0
Vicálvaro,2016-09-01,1664.0
Vicálvaro,2016-10-01,1663.0
Vicálvaro,2016-11-01,1663.0
Vicálvaro,2016-12-01,1645.0
Vicálvaro,2017-01-01,1652.0
Vicálvaro,2017-02-01,1648.0
Vicálvaro,2017-03-01,1665.0
Vicálvaro,2017-04-01,1684.0
Vicálvaro,2017-05-01,1666.0
Vicálvaro,2017-06-01,1654.0
Vicálvaro,2017-07-01,1682.0
Vicálvaro,2017-08-01,1715.0
Vicálvaro,2017-09-01,1751.0
Vicálvaro,2017-10-01,1828.0
Vicálvaro,2017-11-01,1821.0
Vicálvaro,2017-12-01,1826.0
Vicálvaro,2018-01-01,1864.0
Vicálvaro,2018-02-01,1908.0
Vicálvaro,2018-03-01,1911.0
Vicálvaro,2018-04-01,1953.0
Vicálvaro,2018-05-01,2021.0
Vicálvaro,2018-06-01,2062.0
Vicálvaro,2018-07-01,2082.0
Vicálvaro,2018-08-01,2095.0
Vicálvaro,2018-09-01,2097.0
Vicálvaro,2018-10-01,2132.0
Vicálvaro,2018-11-01,2165.0
Vicálvaro,2018-12-01,2132.0
Vicálvaro,2019-01-01,2225.0
Vicálvaro,2019-02-01,2252.0
Vicálvaro,2019-03-01,2267.0
Vicálvaro,2019-04-01,2252.0
Vicálvaro,2019-05-01,2272.0
Vicálvaro,2019-06-01,2260.0
Vicálvaro,2019-07-01,2242.0
Vicálvaro,2019-08-01,2235.0
Vicálvaro,2019-09-01,2239.0
Vicálvaro,2019-10-01,2273.0
Vicálvaro,2019-11-01,2276.0
Vicálvaro,2019-12-01,2342.0
Vicálvaro,2020-01-01,2377.0
Vicálvaro,2020-02-01,2366.0
Vicálvaro,2020-03-01,2347.0
Vicálvaro,2020-04-01,2347.0
Vicálvaro,2020-05-01,2358.0
Vicálvaro,2020-06-01,2323.0
Vicálvaro,2020-07-01,2323.0
Vicálvaro,2020-08-01,2326.0
Vicálvaro,2020-09-01,2342.0
Vicálvaro,2020-10-01,2331.0
Vicálvaro,2020-11-01,2334.0
Vicálvaro,2020-12-01,2320.0
Vicálvaro,2021-01-01,2352.0
Vicálvaro,2021-02-01,2375.0
Vicálvaro,2021-03-01,2414.0
Vicálvaro,2021-04-01,2437.0
Vicálvaro,2021-05-01,2439.0
Vicálvaro,2021-06-01,2455.0
Vicálvaro,2021-07-01,2457.0
Vicálvaro,2021-08-01,2380.0
Vicálvaro,2021-09-01,2369.0
Vicálvaro,2021-10-01,2404.0
Vicálvaro,2021-11-01,2421.0
Vicálvaro,2021-12-01,2456.0
Vicálvaro,2022-01-01,2496.0
Vicálvaro,2022-02-01,2581.0
Vicálvaro,2022-03-01,2588.0
Vicálvaro,2022-04-01,2576.0
Vicálvaro,2022-05-01,2739.0
Vicálvaro,2022-06-01,2836.0
Vicálvaro,2022-07-01,2824.0
Vicálvaro,2022-08-01,2852.0
Vicálvaro,2022-09-01,2812.0
Vicálvaro,2022-10-01,2888.0
Vicálvaro,2022-11-01,2853.0
Vicálvaro,2022-12-01,2818.0
Vicálvaro,2023-01-01,2817.0
Vicálvaro,2023-02-01,2809.0
Vicálvaro,2023-03-01,2809.0
Vicálvaro,2023-04-01,2865.0
Vicálvaro,2023-05-01,2918.0
Vicálvaro,2023-06-01,2940.0
Vicálvaro,2023-07-01,2918.0
Vicálvaro,2023-08-01,2918.0
Vicálvaro,2023-09-01,2877.0
Vicálvaro,2023-10-01,2895.0
Vicálvaro,2023-11-01,2867.0
Vicálvaro,2023-12-01,2846.0
Vicálvaro,2024-01-01,2899.0
Vicálvaro,2024-02-01,2862.0
Vicálvaro,2024-03-01,2897.0
Vicálvaro,2024-04-01,2849.0
Vicálvaro,2024-05-01,2880.0
Vicálvaro,2024-06-01,2947.0
Vicálvaro,2024-07-01,2989.0
Vicálvaro,2024-08-01,2990.0
Vicálvaro,2024-09-01,3093.0
Vicálvaro,2024-10-01,3195.0
Vicálvaro,2024-11-01,3297.0
Vicálvaro,2024-12-01,3270.0
Vicálvaro,2025-01-01,3057.0
Vicálvaro,2025-02-01,3158.0
Vicálvaro,2025-03-01,3171.0
Vicálvaro,2025-04-01,3262.0
Vicálvaro,2025-05-01,3321.0
Vicálvaro,2025-06-01,3426.0
Vicálvaro,2025-07-01,3542.0
Vicálvaro,2025-08-01,3613.0
Vicálvaro,2025-09-01,3685.0
Vicálvaro,2025-10-01,3716.0
Vicálvaro,2025-11-01,3715.0
Vicálvaro,2025-12-01,3737.0
Vicálvaro,2026-01-01,3735.0
Vicálvaro,2026-02-01,3730.0
Vicálvaro,2026-03-01,3827.0
Vicálvaro,2026-04-01,3903.0
Vicálvaro,2026-05-01,3917.0
Vicálvaro,2026-06-01,3999.0
Villa de Vallecas,2008-05-01,2955.0
Villa de Vallecas,2008-06-01,2846.0
Villa de Vallecas,2008-07-01,2894.0
Villa de Vallecas,2008-08-01,2906.0
Villa de Vallecas,2008-09-01,2816.0
Villa de Vallecas,2008-10-01,2836.0
Villa de Vallecas,2008-11-01,2816.0
Villa de Vallecas,2008-12-01,2764.0
Villa de Vallecas,2009-01-01,2628.0
Villa de Vallecas,2009-02-01,2765.0
Villa de Vallecas,2009-03-01,2846.0
Villa de Vallecas,2009-04-01,2860.0
Villa de Vallecas,2009-05-01,2867.0
Villa de Vallecas,2009-06-01,2843.0
Villa de Vallecas,2009-07-01,2861.0
Villa de Vallecas,2009-08-01,2755.0
Villa de Vallecas,2009-09-01,2767.0
Villa de Vallecas,2009-10-01,2653.0
Villa de Vallecas,2009-11-01,2654.0
Villa de Vallecas,2009-12-01,2654.0
Villa de Vallecas,2010-01-01,2668.0
Villa de Vallecas,2010-02-01,2668.0
Villa de Vallecas,2010-03-01,2664.0
Villa de Vallecas,2010-04-01,2692.0
Villa de Vallecas,2010-05-01,2666.0
Villa de Vallecas,2010-06-01,2706.0
Villa de Vallecas,2010-07-01,2694.0
Villa de Vallecas,2010-08-01,2695.0
Villa de Vallecas,2010-09-01,2665.0
Villa de Vallecas,2010-10-01,2669.0
Villa de Vallecas,2010-11-01,2651.0
Villa de Vallecas,2010-12-01,2691.0
Villa de Vallecas,2011-01-01,2621.0
Villa de Vallecas,2011-02-01,2591.0
Villa de Vallecas,2011-03-01,2577.0
Villa de Vallecas,2011-04-01,2592.0
Villa de Vallecas,2011-05-01,2596.0
Villa de Vallecas,2011-06-01,2472.0
Villa de Vallecas,2011-07-01,2443.0
Villa de Vallecas,2011-08-01,2433.0
Villa de Vallecas,2011-09-01,2483.0
Villa de Vallecas,2011-10-01,2481.0
Villa de Vallecas,2011-11-01,2468.0
Villa de Vallecas,2011-12-01,2463.0
Villa de Vallecas,2012-01-01,2464.0
Villa de Vallecas,2012-02-01,2433.0
Villa de Vallecas,2012-03-01,2444.0
Villa de Vallecas,2012-04-01,2405.0
Villa de Vallecas,2012-05-01,2381.0
Villa de Vallecas,2012-06-01,2381.0
Villa de Vallecas,2012-07-01,2364.0
Villa de Vallecas,2012-08-01,2326.0
Villa de Vallecas,2012-09-01,2270.0
Villa de Vallecas,2012-10-01,2215.0
Villa de Vallecas,2012-11-01,2156.0
Villa de Vallecas,2012-12-01,2145.0
Villa de Vallecas,2013-01-01,2135.0
Villa de Vallecas,2013-02-01,2129.0
Villa de Vallecas,2013-03-01,2122.0
Villa de Vallecas,2013-04-01,2102.0
Villa de Vallecas,2013-05-01,2090.0
Villa de Vallecas,2013-06-01,2103.0
Villa de Vallecas,2013-07-01,2137.0
Villa de Vallecas,2013-08-01,2133.0
Villa de Vallecas,2013-09-01,2098.0
Villa de Vallecas,2013-10-01,2092.0
Villa de Vallecas,2013-11-01,2023.0
Villa de Vallecas,2013-12-01,1988.0
Villa de Vallecas,2014-01-01,2023.0
Villa de Vallecas,2014-02-01,2011.0
Villa de Vallecas,2014-03-01,2027.0
Villa de Vallecas,2014-04-01,1991.0
Villa de Vallecas,2014-05-01,1971.0
Villa de Vallecas,2014-06-01,1955.0
Villa de Vallecas,2014-07-01,1981.0
Villa de Vallecas,2014-08-01,2015.0
Villa de Vallecas,2014-09-01,2039.0
Villa de Vallecas,2014-10-01,1963.0
Villa de Vallecas,2014-11-01,1958.0
Villa de Vallecas,2014-12-01,1958.0
Villa de Vallecas,2015-01-01,1950.0
Villa de Vallecas,2015-02-01,1937.0
Villa de Vallecas,2015-03-01,1952.0
Villa de Vallecas,2015-04-01,1978.0
Villa de Vallecas,2015-05-01,1977.0
Villa de Vallecas,2015-06-01,1958.0
Villa de Vallecas,2015-07-01,1935.0
Villa de Vallecas,2015-08-01,1855.0
Villa de Vallecas,2015-09-01,1879.0
Villa de Vallecas,2015-10-01,1883.0
Villa de Vallecas,2015-11-01,1873.0
Villa de Vallecas,2015-12-01,1889.0
Villa de Vallecas,2016-01-01,1848.0
Villa de Vallecas,2016-02-01,1833.0
Villa de Vallecas,2016-03-01,1871.0
Villa de Vallecas,2016-04-01,1885.0
Villa de Vallecas,2016-05-01,1897.0
Villa de Vallecas,2016-06-01,1921.0
Villa de Vallecas,2016-07-01,1917.0
Villa de Vallecas,2016-08-01,1893.0
Villa de Vallecas,2016-09-01,1927.0
Villa de Vallecas,2016-10-01,1928.0
Villa de Vallecas,2016-11-01,1940.0
Villa de Vallecas,2016-12-01,1976.0
Villa de Vallecas,2017-01-01,1974.0
Villa de Vallecas,2017-02-01,1978.0
Villa de Vallecas,2017-03-01,1958.0
Villa de Vallecas,2017-04-01,1942.0
Villa de Vallecas,2017-05-01,1976.0
Villa de Vallecas,2017-06-01,2009.0
Villa de Vallecas,2017-07-01,2027.0
Villa de Vallecas,2017-08-01,2044.0
Villa de Vallecas,2017-09-01,2073.0
Villa de Vallecas,2017-10-01,2104.0
Villa de Vallecas,2017-11-01,2093.0
Villa de Vallecas,2017-12-01,2093.0
Villa de Vallecas,2018-01-01,2114.0
Villa de Vallecas,2018-02-01,2187.0
Villa de Vallecas,2018-03-01,2204.0
Villa de Vallecas,2018-04-01,2241.0
Villa de Vallecas,2018-05-01,2284.0
Villa de Vallecas,2018-06-01,2288.0
Villa de Vallecas,2018-07-01,2345.0
Villa de Vallecas,2018-08-01,2342.0
Villa de Vallecas,2018-09-01,2368.0
Villa de Vallecas,2018-10-01,2342.0
Villa de Vallecas,2018-11-01,2345.0
Villa de Vallecas,2018-12-01,2348.0
Villa de Vallecas,2019-01-01,2382.0
Villa de Vallecas,2019-02-01,2404.0
Villa de Vallecas,2019-03-01,2407.0
Villa de Vallecas,2019-04-01,2414.0
Villa de Vallecas,2019-05-01,2425.0
Villa de Vallecas,2019-06-01,2436.0
Villa de Vallecas,2019-07-01,2415.0
Villa de Vallecas,2019-08-01,2419.0
Villa de Vallecas,2019-09-01,2437.0
Villa de Vallecas,2019-10-01,2439.0
Villa de Vallecas,2019-11-01,2445.0
Villa de Vallecas,2019-12-01,2440.0
Villa de Vallecas,2020-01-01,2444.0
Villa de Vallecas,2020-02-01,2395.0
Villa de Vallecas,2020-03-01,2386.0
Villa de Vallecas,2020-04-01,2393.0
Villa de Vallecas,2020-05-01,2441.0
Villa de Vallecas,2020-06-01,2475.0
Villa de Vallecas,2020-07-01,2455.0
Villa de Vallecas,2020-08-01,2427.0
Villa de Vallecas,2020-09-01,2375.0
Villa de Vallecas,2020-10-01,2363.0
Villa de Vallecas,2020-11-01,2388.0
Villa de Vallecas,2020-12-01,2388.0
Villa de Vallecas,2021-01-01,2384.0
Villa de Vallecas,2021-02-01,2367.0
Villa de Vallecas,2021-03-01,2355.0
Villa de Vallecas,2021-04-01,2334.0
Villa de Vallecas,2021-05-01,2344.0
Villa de Vallecas,2021-06-01,2373.0
Villa de Vallecas,2021-07-01,2425.0
Villa de Vallecas,2021-08-01,2421.0
Villa de Vallecas,2021-09-01,2422.0
Villa de Vallecas,2021-10-01,2402.0
Villa de Vallecas,2021-11-01,2410.0
Villa de Vallecas,2021-12-01,2398.0
Villa de Vallecas,2022-01-01,2407.0
Villa de Vallecas,2022-02-01,2407.0
Villa de Vallecas,2022-03-01,2458.0
Villa de Vallecas,2022-04-01,2489.0
Villa de Vallecas,2022-05-01,2512.0
Villa de Vallecas,2022-06-01,2550.0
Villa de Vallecas,2022-07-01,2514.0
Villa de Vallecas,2022-08-01,2542.0
Villa de Vallecas,2022-09-01,2456.0
Villa de Vallecas,2022-10-01,2488.0
Villa de Vallecas,2022-11-01,2507.0
Villa de Vallecas,2022-12-01,2519.0
Villa de Vallecas,2023-01-01,2554.0
Villa de Vallecas,2023-02-01,2549.0
Villa de Vallecas,2023-03-01,2605.0
Villa de Vallecas,2023-04-01,2648.0
Villa de Vallecas,2023-05-01,2688.0
Villa de Vallecas,2023-06-01,2640.0
Villa de Vallecas,2023-07-01,2620.0
Villa de Vallecas,2023-08-01,2659.0
Villa de Vallecas,2023-09-01,2683.0
Villa de Vallecas,2023-10-01,2732.0
Villa de Vallecas,2023-11-01,2691.0
Villa de Vallecas,2023-12-01,2691.0
Villa de Vallecas,2024-01-01,2758.0
Villa de Vallecas,2024-02-01,2772.0
Villa de Vallecas,2024-03-01,2800.0
Villa de Vallecas,2024-04-01,2812.0
Villa de Vallecas,2024-05-01,2812.0
Villa de Vallecas,2024-06-01,2830.0
Villa de Vallecas,2024-07-01,2873.0
Villa de Vallecas,2024-08-01,2895.0
Villa de Vallecas,2024-09-01,2899.0
Villa de Vallecas,2024-10-01,2910.0
Villa de Vallecas,2024-11-01,2989.0
Villa de Vallecas,2024-12-01,3119.0
Villa de Vallecas,2025-01-01,2962.0
Villa de Vallecas,2025-02-01,2978.0
Villa de Vallecas,2025-03-01,3032.0
Villa de Vallecas,2025-04-01,3132.0
Villa de Vallecas,2025-05-01,3231.0
Villa de Vallecas,2025-06-01,3275.0
Villa de Vallecas,2025-07-01,3312.0
Villa de Vallecas,2025-08-01,3353.0
Villa de Vallecas,2025-09-01,3369.0
Villa de Vallecas,2025-10-01,3430.0
Villa de Vallecas,2025-11-01,3479.0
Villa de Vallecas,2025-12-01,3541.0
Villa de Vallecas,2026-01-01,3560.0
Villa de Vallecas,2026-02-01,3690.0
Villa de Vallecas,2026-03-01,3674.0
Villa de Vallecas,2026-04-01,3717.0
Villa de Vallecas,2026-05-01,3792.0
Villa de Vallecas,2026-06-01,3829.0
Villaverde,2008-01-01,2801.0
Villaverde,2008-02-01,2900.0
Villaverde,2008-03-01,2899.0
Villaverde,2008-04-01,2806.0
Villaverde,2008-05-01,2745.0
Villaverde,2008-06-01,2703.0
Villaverde,2008-07-01,2604.0
Villaverde,2008-08-01,2578.0
Villaverde,2008-09-01,2496.0
Villaverde,2008-10-01,2475.0
Villaverde,2008-11-01,2552.0
Villaverde,2008-12-01,2458.0
Villaverde,2009-01-01,2445.0
Villaverde,2009-02-01,2474.0
Villaverde,2009-03-01,2422.0
Villaverde,2009-04-01,2374.0
Villaverde,2009-05-01,2415.0
Villaverde,2009-06-01,2422.0
Villaverde,2009-07-01,2498.0
Villaverde,2009-08-01,2472.0
Villaverde,2009-09-01,2325.0
Villaverde,2009-10-01,2258.0
Villaverde,2009-11-01,2246.0
Villaverde,2009-12-01,2230.0
Villaverde,2010-01-01,2207.0
Villaverde,2010-02-01,2222.0
Villaverde,2010-03-01,2246.0
Villaverde,2010-04-01,2333.0
Villaverde,2010-05-01,2254.0
Villaverde,2010-06-01,2242.0
Villaverde,2010-07-01,2237.0
Villaverde,2010-08-01,2215.0
Villaverde,2010-09-01,2207.0
Villaverde,2010-10-01,2222.0
Villaverde,2010-11-01,2225.0
Villaverde,2010-12-01,2195.0
Villaverde,2011-01-01,2157.0
Villaverde,2011-02-01,2146.0
Villaverde,2011-03-01,2099.0
Villaverde,2011-04-01,2058.0
Villaverde,2011-05-01,2047.0
Villaverde,2011-06-01,2024.0
Villaverde,2011-07-01,2000.0
Villaverde,2011-08-01,1953.0
Villaverde,2011-09-01,1901.0
Villaverde,2011-10-01,1883.0
Villaverde,2011-11-01,1908.0
Villaverde,2011-12-01,1899.0
Villaverde,2012-01-01,1889.0
Villaverde,2012-02-01,1875.0
Villaverde,2012-03-01,1884.0
Villaverde,2012-04-01,1819.0
Villaverde,2012-05-01,1814.0
Villaverde,2012-06-01,1811.0
Villaverde,2012-07-01,1695.0
Villaverde,2012-08-01,1663.0
Villaverde,2012-09-01,1660.0
Villaverde,2012-10-01,1637.0
Villaverde,2012-11-01,1579.0
Villaverde,2012-12-01,1546.0
Villaverde,2013-01-01,1519.0
Villaverde,2013-02-01,1506.0
Villaverde,2013-03-01,1484.0
Villaverde,2013-04-01,1467.0
Villaverde,2013-05-01,1510.0
Villaverde,2013-06-01,1502.0
Villaverde,2013-07-01,1515.0
Villaverde,2013-08-01,1491.0
Villaverde,2013-09-01,1499.0
Villaverde,2013-10-01,1495.0
Villaverde,2013-11-01,1478.0
Villaverde,2013-12-01,1438.0
Villaverde,2014-01-01,1364.0
Villaverde,2014-02-01,1335.0
Villaverde,2014-03-01,1276.0
Villaverde,2014-04-01,1277.0
Villaverde,2014-05-01,1303.0
Villaverde,2014-06-01,1280.0
Villaverde,2014-07-01,1265.0
Villaverde,2014-08-01,1250.0
Villaverde,2014-09-01,1252.0
Villaverde,2014-10-01,1252.0
Villaverde,2014-11-01,1343.0
Villaverde,2014-12-01,1365.0
Villaverde,2015-01-01,1384.0
Villaverde,2015-02-01,1388.0
Villaverde,2015-03-01,1371.0
Villaverde,2015-04-01,1386.0
Villaverde,2015-05-01,1344.0
Villaverde,2015-06-01,1386.0
Villaverde,2015-07-01,1399.0
Villaverde,2015-08-01,1347.0
Villaverde,2015-09-01,1336.0
Villaverde,2015-10-01,1379.0
Villaverde,2015-11-01,1387.0
Villaverde,2015-12-01,1356.0
Villaverde,2016-01-01,1353.0
Villaverde,2016-02-01,1354.0
Villaverde,2016-03-01,1333.0
Villaverde,2016-04-01,1366.0
Villaverde,2016-05-01,1383.0
Villaverde,2016-06-01,1375.0
Villaverde,2016-07-01,1392.0
Villaverde,2016-08-01,1399.0
Villaverde,2016-09-01,1400.0
Villaverde,2016-10-01,1386.0
Villaverde,2016-11-01,1426.0
Villaverde,2016-12-01,1486.0
Villaverde,2017-01-01,1459.0
Villaverde,2017-02-01,1461.0
Villaverde,2017-03-01,1461.0
Villaverde,2017-04-01,1466.0
Villaverde,2017-05-01,1445.0
Villaverde,2017-06-01,1451.0
Villaverde,2017-07-01,1473.0
Villaverde,2017-08-01,1479.0
Villaverde,2017-09-01,1461.0
Villaverde,2017-10-01,1468.0
Villaverde,2017-11-01,1451.0
Villaverde,2017-12-01,1417.0
Villaverde,2018-01-01,1452.0
Villaverde,2018-02-01,1491.0
Villaverde,2018-03-01,1499.0
Villaverde,2018-04-01,1626.0
Villaverde,2018-05-01,1622.0
Villaverde,2018-06-01,1642.0
Villaverde,2018-07-01,1663.0
Villaverde,2018-08-01,1672.0
Villaverde,2018-09-01,1685.0
Villaverde,2018-10-01,1656.0
Villaverde,2018-11-01,1660.0
Villaverde,2018-12-01,1662.0
Villaverde,2019-01-01,1703.0
Villaverde,2019-02-01,1711.0
Villaverde,2019-03-01,1724.0
Villaverde,2019-04-01,1749.0
Villaverde,2019-05-01,1760.0
Villaverde,2019-06-01,1739.0
Villaverde,2019-07-01,1744.0
Villaverde,2019-08-01,1735.0
Villaverde,2019-09-01,1748.0
Villaverde,2019-10-01,1750.0
Villaverde,2019-11-01,1736.0
Villaverde,2019-12-01,1765.0
Villaverde,2020-01-01,1777.0
Villaverde,2020-02-01,1766.0
Villaverde,2020-03-01,1758.0
Villaverde,2020-04-01,1751.0
Villaverde,2020-05-01,1767.0
Villaverde,2020-06-01,1756.0
Villaverde,2020-07-01,1751.0
Villaverde,2020-08-01,1744.0
Villaverde,2020-09-01,1749.0
Villaverde,2020-10-01,1750.0
Villaverde,2020-11-01,1745.0
Villaverde,2020-12-01,1718.0
Villaverde,2021-01-01,1707.0
Villaverde,2021-02-01,1738.0
Villaverde,2021-03-01,1742.0
Villaverde,2021-04-01,1705.0
Villaverde,2021-05-01,1726.0
Villaverde,2021-06-01,1728.0
Villaverde,2021-07-01,1727.0
Villaverde,2021-08-01,1714.0
Villaverde,2021-09-01,1705.0
Villaverde,2021-10-01,1701.0
Villaverde,2021-11-01,1705.0
Villaverde,2021-12-01,1699.0
Villaverde,2022-01-01,1698.0
Villaverde,2022-02-01,1713.0
Villaverde,2022-03-01,1728.0
Villaverde,2022-04-01,1742.0
Villaverde,2022-05-01,1766.0
Villaverde,2022-06-01,1798.0
Villaverde,2022-07-01,1832.0
Villaverde,2022-08-01,1847.0
Villaverde,2022-09-01,1828.0
Villaverde,2022-10-01,1832.0
Villaverde,2022-11-01,1843.0
Villaverde,2022-12-01,1847.0
Villaverde,2023-01-01,1856.0
Villaverde,2023-02-01,1869.0
Villaverde,2023-03-01,1862.0
Villaverde,2023-04-01,1885.0
Villaverde,2023-05-01,1912.0
Villaverde,2023-06-01,1926.0
Villaverde,2023-07-01,1947.0
Villaverde,2023-08-01,1953.0
Villaverde,2023-09-01,1954.0
Villaverde,2023-10-01,1961.0
Villaverde,2023-11-01,1937.0
Villaverde,2023-12-01,1963.0
Villaverde,2024-01-01,1982.0
Villaverde,2024-02-01,1977.0
Villaverde,2024-03-01,1988.0
Villaverde,2024-04-01,2046.0
Villaverde,2024-05-01,2077.0
Villaverde,2024-06-01,2070.0
Villaverde,2024-07-01,2090.0
Villaverde,2024-08-01,2125.0
Villaverde,2024-09-01,2122.0
Villaverde,2024-10-01,2167.0
Villaverde,2024-11-01,2204.0
Villaverde,2024-12-01,2252.0
Villaverde,2025-01-01,2207.0
Villaverde,2025-02-01,2254.0
Villaverde,2025-03-01,2294.0
Villaverde,2025-04-01,2362.0
Villaverde,2025-05-01,2459.0
Villaverde,2025-06-01,2555.0
Villaverde,2025-07-01,2652.0
Villaverde,2025-08-01,2630.0
Villaverde,2025-09-01,2637.0
Villaverde,2025-10-01,2709.0
Villaverde,2025-11-01,2750.0
Villaverde,2025-12-01,2754.0
Villaverde,2026-01-01,2823.0
Villaverde,2026-02-01,2899.0
Villaverde,2026-03-01,2934.0
Villaverde,2026-04-01,3002.0
Villaverde,2026-05-01,3132.0
Villaverde,2026-06-01,3210.0
